REGION_CORTO;COMUNA;NOMBRE_ESTAB;Laboratorio;FECHA_INMUNIZACION;SUM_of_1aDOSIS;SUM_of_2aDOSIS;SUM_of_ÚnicaDOSIS
" Aisén Gral. C. Ibáñez Campo";Aisén;Centro de Salud Familiar Puerto Aysen;Pfizer;22/06/2021;6;;
" Aisén Gral. C. Ibáñez Campo";Coihaique;Consultorio Alejandro Gutiérrez;Pfizer;22/06/2021;15;;
" Aisén Gral. C. Ibáñez Campo";Coihaique;Consultorio Víctor Domingo Silva;Pfizer;22/06/2021;9;;
" Aisén Gral. C. Ibáñez Campo";Coihaique;Hospital Regional (Coihaique);Pfizer;22/06/2021;5;;
" Antofagasta";Antofagasta;Centro de Salud Familiar Antonio Rendic (Ex Cautín);Pfizer;22/06/2021;4;;
" Antofagasta";Antofagasta;Centro de Salud Familiar Central Oriente de Antofagasta;Pfizer;22/06/2021;1;;
" Antofagasta";Antofagasta;Centro de Salud Familiar Centro Sur de Antofagasta;Pfizer;21/06/2021;29;;
" Antofagasta";Antofagasta;Centro de Salud Familiar Centro Sur de Antofagasta;Pfizer;22/06/2021;69;;
" Antofagasta";Antofagasta;Centro de Salud Familiar Corvallis;Pfizer;22/06/2021;2;;
" Antofagasta";Antofagasta;Centro de Salud Familiar Dra. Maria Cristina Rojas Neumann;Pfizer;22/06/2021;7;;
" Antofagasta";Antofagasta;Centro de Salud Familiar Juan Pablo II de Antofagasta;Pfizer;22/06/2021;4;;
" Antofagasta";Antofagasta;Centro de Salud Familiar Norte de Antofagasta;Pfizer;22/06/2021;1;;
" Antofagasta";Antofagasta;Centro de Salud Familiar Valdivieso;Pfizer;22/06/2021;4;;
" Antofagasta";Calama;Centro de Salud Familiar Alemania de Calama;Pfizer;22/06/2021;5;;
" Antofagasta";Calama;Centro de Salud Familiar Central de Calama;Pfizer;22/06/2021;3;;
" Antofagasta";Calama;Centro de Salud Familiar Montt;Pfizer;22/06/2021;1;;
" Antofagasta";Calama;Centro de Salud Familiar Norponiente;Pfizer;22/06/2021;3;;
" Antofagasta";Calama;Hospital del Cobre Salvador Allende;Pfizer;21/06/2021;7;;
" Antofagasta";Calama;Hospital del Cobre Salvador Allende;Pfizer;22/06/2021;25;;
" Antofagasta";Mejillones;Hospital de Mejillones;Pfizer;22/06/2021;1;;
" Antofagasta";Tocopilla;Hospital Dr. Marcos Macuada (Tocopilla);Pfizer;22/06/2021;5;;
" Arica y Parinacota";Arica;Centro de Salud Familiar Dr. Amador Neghme de Arica;Pfizer;22/06/2021;24;;
" Arica y Parinacota";Arica;Centro de Salud Familiar E. U. Iris Veliz Hume (Ex Oriente);Pfizer;22/06/2021;5;;
" Arica y Parinacota";Arica;Centro de Salud Familiar Eugenio Petruccelli Astudillo (ex Punta Norte);Pfizer;22/06/2021;14;;
" Arica y Parinacota";Arica;Centro de Salud Familiar Remigio Sapunar;Pfizer;22/06/2021;7;;
" Arica y Parinacota";Arica;Centro de Salud Familiar Víctor Bertín Soto;Pfizer;22/06/2021;8;;
" Arica y Parinacota";Arica;Clínica San José;Pfizer;22/06/2021;1;;
" Arica y Parinacota";Arica;Hospital Regional Dr. Juan Noé Crevanni (Arica);Pfizer;21/06/2021;3;;
" Arica y Parinacota";Arica;Hospital Regional Dr. Juan Noé Crevanni (Arica);Pfizer;22/06/2021;14;;
" Arica y Parinacota";Arica;Posta de Salud Rural San Miguel de Azapa;Pfizer;22/06/2021;6;;
" Atacama";Chañaral;Centro de Salud Familiar Dr. Luis Herrera;Pfizer;22/06/2021;14;;
" Atacama";Copiapó;Centro de Salud Familiar Manuel Rodríguez;Pfizer;22/06/2021;14;;
" Atacama";Copiapó;Centro de Salud Familiar Rosario-Palomar;Pfizer;22/06/2021;4;;
" Atacama";Copiapó;Clínica Atacama S.A.;Pfizer;22/06/2021;3;;
" Atacama";Diego de Almagro;Centro de Salud Familiar El Salvador;Pfizer;22/06/2021;6;;
" Atacama";Diego de Almagro;Hospital Dr. Florencio Vargas (Diego de Almagro);Pfizer;22/06/2021;4;;
" Atacama";Freirina;Centro de Salud Familiar Freirina;Pfizer;22/06/2021;1;;
" Atacama";Huasco;Hospital Dr. Manuel Magalhaes Medling (Huasco);Pfizer;22/06/2021;1;;
" Atacama";Tierra Amarilla;Centro de Salud Familiar Dr. Salvador Allende Gossens;Pfizer;22/06/2021;1;;
" Atacama";Vallenar;Centro de Salud Familiar Estación;Pfizer;22/06/2021;6;;
" Atacama";Vallenar;Centro de Salud Familiar Hermanos Carrera;Pfizer;22/06/2021;3;;
" Coquimbo";Andacollo;Hospital Dr. José Arraño (Andacollo);Pfizer;22/06/2021;3;;
" Coquimbo";Combarbalá;Hospital San Juan de Dios (Combarbalá);Pfizer;22/06/2021;3;;
" Coquimbo";Coquimbo;Centro de Salud Familiar Dr. Sergio Aguilar Delgado;Pfizer;21/06/2021;5;;
" Coquimbo";Coquimbo;Centro de Salud Familiar Dr. Sergio Aguilar Delgado;Pfizer;22/06/2021;13;;
" Coquimbo";Coquimbo;Centro de Salud Familiar Lila Cortés Godoy;Pfizer;21/06/2021;2;;
" Coquimbo";Coquimbo;Centro de Salud Familiar Lila Cortés Godoy;Pfizer;22/06/2021;10;;
" Coquimbo";Coquimbo;Centro de Salud Familiar Rural Pan de Azúcar;Pfizer;22/06/2021;2;;
" Coquimbo";Coquimbo;Centro de Salud Familiar San Juan;Pfizer;19/06/2021;1;;
" Coquimbo";Coquimbo;Centro de Salud Familiar San Juan;Pfizer;22/06/2021;5;;
" Coquimbo";Coquimbo;Centro de Salud Familiar Santa Cecilia;Pfizer;21/06/2021;1;;
" Coquimbo";Coquimbo;Centro de Salud Familiar Santa Cecilia;Pfizer;22/06/2021;6;;
" Coquimbo";Coquimbo;Centro de Salud Familiar Tierras Blancas;Pfizer;19/06/2021;1;;
" Coquimbo";Coquimbo;Centro de Salud Familiar Tierras Blancas;Pfizer;22/06/2021;9;;
" Coquimbo";Coquimbo;Centro de Salud Familiar Tongoy;Pfizer;22/06/2021;1;;
" Coquimbo";Coquimbo;Posta de Salud Rural Guanaqueros;Pfizer;22/06/2021;2;;
" Coquimbo";Illapel;Centro de Salud Familiar Urbano de Illapel;Pfizer;22/06/2021;1;;
" Coquimbo";La Higuera;Centro de Salud Familiar La Higuera;Pfizer;22/06/2021;2;;
" Coquimbo";La Higuera;Posta de Salud Rural Los Choros;Pfizer;22/06/2021;4;;
" Coquimbo";La Serena;Centro Comunitario de Salud Familiar Lambert;Pfizer;22/06/2021;2;;
" Coquimbo";La Serena;Centro Comunitario de Salud Familiar Villa Alemania;Pfizer;22/06/2021;3;;
" Coquimbo";La Serena;Centro de Salud Familiar Cardenal Caro;Pfizer;22/06/2021;56;;
" Coquimbo";La Serena;Centro de Salud Familiar Cardenal Raúl Silva Henríquez de La Serena;Pfizer;22/06/2021;2;;
" Coquimbo";La Serena;Centro de Salud Familiar Dr. Emilio Schaffhauser;Pfizer;22/06/2021;48;;
" Coquimbo";La Serena;Centro de Salud Familiar Juan Pablo II;Pfizer;22/06/2021;10;;
" Coquimbo";La Serena;Centro de Salud Familiar Las Compañías;Pfizer;22/06/2021;8;;
" Coquimbo";La Serena;Centro de Salud Familiar Pedro Aguirre Cerda;Pfizer;22/06/2021;10;;
" Coquimbo";La Serena;Hospital San Juan de Dios (La Serena);Pfizer;22/06/2021;5;;
" Coquimbo";Los Vilos;Hospital San Pedro (Los Vilos);Pfizer;22/06/2021;3;;
" Coquimbo";Los Vilos;Posta de Salud Rural Quilimarí;Pfizer;22/06/2021;1;;
" Coquimbo";Ovalle;Centro Comunitario de Salud Familiar Los Copihues;Pfizer;22/06/2021;1;;
" Coquimbo";Ovalle;Centro de Salud Familiar Fray Jorge;Pfizer;22/06/2021;7;;
" Coquimbo";Ovalle;Centro de Salud Familiar Jorge Jordán Domic;Pfizer;22/06/2021;1;;
" Coquimbo";Ovalle;Centro de Salud Familiar Marcos Macuada;Pfizer;22/06/2021;2;;
" Coquimbo";Salamanca;Hospital de Salamanca;Pfizer;22/06/2021;4;;
" Coquimbo";Vicuña;Hospital San Juan de Dios (Vicuña);Pfizer;22/06/2021;1;;
" La Araucanía";Angol;Centro de Salud Familiar Alemania de Angol;Pfizer;22/06/2021;1;;
" La Araucanía";Angol;Centro de Salud Familiar Huequén;Pfizer;22/06/2021;4;;
" La Araucanía";Carahue;Hospital de Carahue;Pfizer;22/06/2021;2;;
" La Araucanía";Cholchol;Centro de Salud Familiar Chol Chol;Pfizer;22/06/2021;2;;
" La Araucanía";Curacautín;Hospital Dr. Oscar Hernández E.(Curacautín);Pfizer;22/06/2021;2;;
" La Araucanía";Freire;Centro de Salud Familiar Freire;Pfizer;22/06/2021;1;;
" La Araucanía";Galvarino;Hospital de Galvarino;Pfizer;22/06/2021;3;;
" La Araucanía";Lautaro;Centro de Salud Familiar Lautaro;Pfizer;22/06/2021;2;;
" La Araucanía";Nueva Imperial;Centro de Salud Familiar Nueva Imperial;Pfizer;22/06/2021;1;;
" La Araucanía";Padre Las Casas;Centro de Salud Familiar Conun Huenu;Pfizer;22/06/2021;1;;
" La Araucanía";Padre Las Casas;Centro de Salud Familiar Las Colinas;Pfizer;22/06/2021;7;;
" La Araucanía";Padre Las Casas;Centro de Salud Familiar Padre Las Casas;Pfizer;22/06/2021;2;;
" La Araucanía";Perquenco;;Pfizer;22/06/2021;1;;
" La Araucanía";Pitrufquén;Centro Comunitario de Salud Familiar Ultraestación;Pfizer;22/06/2021;3;;
" La Araucanía";Pitrufquén;Centro de Salud Rural Pitrufquén;Pfizer;22/06/2021;2;;
" La Araucanía";Pucón;Centro de Salud Familiar Rural Pucón;Pfizer;22/06/2021;8;;
" La Araucanía";Renaico;Centro de Salud Familiar Renaico;Pfizer;22/06/2021;1;;
" La Araucanía";Temuco;Centro de Salud Familiar Amanecer;Pfizer;19/06/2021;2;;
" La Araucanía";Temuco;Centro de Salud Familiar Amanecer;Pfizer;22/06/2021;21;;
" La Araucanía";Temuco;Centro de Salud Familiar El Carmen;Pfizer;22/06/2021;5;;
" La Araucanía";Temuco;Centro de Salud Familiar Labranza;Pfizer;22/06/2021;10;;
" La Araucanía";Temuco;Centro de Salud Familiar Miraflores (Temuco);Pfizer;22/06/2021;2;;
" La Araucanía";Temuco;Centro de Salud Familiar Pedro de Valdivia;Pfizer;22/06/2021;3;;
" La Araucanía";Temuco;Centro de Salud Familiar Pueblo Nuevo;Pfizer;22/06/2021;2;;
" La Araucanía";Temuco;Centro de Salud Familiar Santa Rosa;Pfizer;22/06/2021;2;;
" La Araucanía";Temuco;Centro de Salud Familiar Villa Alegre;Pfizer;22/06/2021;4;;
" La Araucanía";Temuco;Clínica Alemana de Temuco;Pfizer;22/06/2021;14;;
" La Araucanía";Toltén;Hospital de Toltén;Pfizer;22/06/2021;1;;
" La Araucanía";Traiguén;Hospital Dr. Dino Stagno M.(Traiguén);Pfizer;22/06/2021;1;;
" La Araucanía";Victoria;Centro de Salud Familiar Victoria;Pfizer;22/06/2021;3;;
" La Araucanía";Villarrica;Centro de Salud Familiar Los Volcanes;Pfizer;22/06/2021;1;;
" La Araucanía";Villarrica;Centro de Salud Familiar Villarrica;Pfizer;22/06/2021;4;;
" Los Lagos";Ancud;Centro de Salud Familiar Dr. Manuel Ferreira Guzman;Pfizer;22/06/2021;1;;
" Los Lagos";Ancud;Centro de Salud Familiar Pudeto Bajo;Pfizer;22/06/2021;4;;
" Los Lagos";Calbuco;Centro de Salud Familiar Calbuco;Pfizer;22/06/2021;1;;
" Los Lagos";Calbuco;Posta de Salud Rural Machil;Pfizer;22/06/2021;9;;
" Los Lagos";Calbuco;Posta de Salud Rural Peñasmo;Pfizer;22/06/2021;3;;
" Los Lagos";Castro;Centro de Salud Familiar Dr. René Tapia Salgado;Pfizer;22/06/2021;12;;
" Los Lagos";Castro;Centro de Salud Familiar Quillahue;Pfizer;22/06/2021;10;;
" Los Lagos";Chonchi;Centro de Salud Familiar Chonchi;Pfizer;22/06/2021;5;;
" Los Lagos";Dalcahue;Centro de Salud Familiar Dalcahue;Pfizer;22/06/2021;3;;
" Los Lagos";Fresia;Hospital de Fresia;Pfizer;22/06/2021;3;;
" Los Lagos";Frutillar;Centro de Salud Familiar Frutillar Alto;Pfizer;22/06/2021;3;;
" Los Lagos";Hualaihué;Centro de Salud Familiar Río Negro Hornopirén;Pfizer;22/06/2021;4;;
" Los Lagos";Llanquihue;Centro de Salud Familiar Los Volcanes;Pfizer;19/06/2021;1;;
" Los Lagos";Llanquihue;Centro de Salud Familiar Los Volcanes;Pfizer;22/06/2021;2;;
" Los Lagos";Los Muermos;Centro de Salud Familiar Los Muermos;Pfizer;22/06/2021;4;;
" Los Lagos";Maullín;Centro de Salud Familiar Carelmapu;Pfizer;22/06/2021;3;;
" Los Lagos";Osorno;Centro de Salud Familiar Dr. Marcelo Lopetegui Adams;Pfizer;22/06/2021;34;;
" Los Lagos";Osorno;Centro de Salud Familiar Dr. Pedro Jáuregui;Pfizer;22/06/2021;2;;
" Los Lagos";Osorno;Centro de Salud Familiar Rahue Alto;Pfizer;22/06/2021;5;;
" Los Lagos";Osorno;Vacunatorio Sociedad Centro Médico Cochrane SA;Pfizer;22/06/2021;5;;
" Los Lagos";Puerto Montt;Centro de Salud Familiar Alerce;Pfizer;22/06/2021;5;;
" Los Lagos";Puerto Montt;Centro de Salud Familiar Antonio Varas;Pfizer;19/06/2021;129;;
" Los Lagos";Puerto Montt;Centro de Salud Familiar Antonio Varas;Pfizer;22/06/2021;15;;
" Los Lagos";Puerto Montt;Centro de Salud Familiar Carmela Carvajal;Pfizer;22/06/2021;44;;
" Los Lagos";Puerto Montt;Centro de Salud Familiar Padre Hurtado;Pfizer;22/06/2021;4;;
" Los Lagos";Puerto Montt;Centro de Salud Familiar San Pablo Mirasol (ONG);Pfizer;22/06/2021;3;;
" Los Lagos";Puerto Montt;Hospital de Puerto Montt;Pfizer;22/06/2021;2;;
" Los Lagos";Puerto Varas;Centro de Salud Familiar Nº 1 Puerto Varas;Pfizer;22/06/2021;39;;
" Los Lagos";Purranque;Centro de Salud Familiar Purranque;Pfizer;22/06/2021;5;;
" Los Lagos";Puyehue;Centro de Salud Familiar Entre Lagos;Pfizer;22/06/2021;2;;
" Los Lagos";Quellón;Centro de Salud Familiar Quellón;Pfizer;22/06/2021;1;;
" Los Lagos";Río Negro;Centro de Salud Familiar Practicante Pablo Araya (Ex Río Negro);Pfizer;18/06/2021;1;;
" Los Lagos";Río Negro;Centro de Salud Familiar Practicante Pablo Araya (Ex Río Negro);Pfizer;22/06/2021;1;;
" Los Lagos";San Juan de la Costa;Centro de Salud Familiar Puaucho;Pfizer;22/06/2021;1;;
" Los Lagos";San Pablo;Centro de Salud Familiar San Pablo;Pfizer;22/06/2021;3;;
" Los Ríos";Corral;Hospital de Corral;Pfizer;22/06/2021;1;;
" Los Ríos";Futrono;Centro de Salud Familiar Belarmina Paredes;Pfizer;19/06/2021;1;;
" Los Ríos";Futrono;Centro de Salud Familiar Belarmina Paredes;Pfizer;22/06/2021;2;;
" Los Ríos";La Unión;Centro de Salud Familiar Dr. Alfredo Gantz Mann;Pfizer;22/06/2021;6;;
" Los Ríos";Lanco;Centro de Salud Familiar Malalhue;Pfizer;22/06/2021;3;;
" Los Ríos";Lanco;Hospital de Lanco;Pfizer;22/06/2021;2;;
" Los Ríos";Los Lagos;Centro de Salud Familiar Los Lagos;Pfizer;22/06/2021;4;;
" Los Ríos";Mariquina;Centro de Salud Familiar San José de la Mariquina;Pfizer;21/06/2021;3;;
" Los Ríos";Mariquina;Centro de Salud Familiar San José de la Mariquina;Pfizer;22/06/2021;5;;
" Los Ríos";Máfil;Centro de Salud Familiar Máfil;Pfizer;22/06/2021;4;;
" Los Ríos";Paillaco;Centro de Salud Familiar Lautaro Caro Ríos;Pfizer;22/06/2021;5;;
" Los Ríos";Panguipulli;Centro de Salud Familiar Coñaripe;Pfizer;22/06/2021;2;;
" Los Ríos";Panguipulli;Centro de Salud Familiar Panguipulli;Pfizer;22/06/2021;10;;
" Los Ríos";Río Bueno;Centro de Salud Familiar Río Bueno;Pfizer;22/06/2021;11;;
" Los Ríos";Valdivia;Centro de Salud Familiar Angachilla;Pfizer;22/06/2021;1;;
" Los Ríos";Valdivia;Centro de Salud Familiar Dr. Jorge Sabat Gozalo (Ex Gil de Castro);Pfizer;22/06/2021;14;;
" Los Ríos";Valdivia;Centro de Salud Familiar Externo Valdivia;Pfizer;19/06/2021;6;;
" Los Ríos";Valdivia;Centro de Salud Familiar Externo Valdivia;Pfizer;21/06/2021;77;;
" Los Ríos";Valdivia;Centro de Salud Familiar Externo Valdivia;Pfizer;22/06/2021;51;;
" Los Ríos";Valdivia;Centro de Salud Familiar Las Ánimas;Pfizer;22/06/2021;3;;
" Los Ríos";Valdivia;Centro de Salud Familiar Niebla;Pfizer;22/06/2021;17;;
" Los Ríos";Valdivia;Clínica Alemana Valdivia;Pfizer;22/06/2021;5;;
" Magallanes y  La Antártica Chilena";Punta Arenas;Centro de Salud Familiar Carlos Ibáñez;Pfizer;22/06/2021;11;;
" Magallanes y  La Antártica Chilena";Punta Arenas;Centro de Salud Familiar Dr. Mateo Bencur;Pfizer;22/06/2021;17;;
" Magallanes y  La Antártica Chilena";Punta Arenas;Centro de Salud Familiar Dr. Thomas Fenton;Pfizer;22/06/2021;24;;
" Magallanes y  La Antártica Chilena";Punta Arenas;Hospital FFAA Cirujano Guzmán;Pfizer;22/06/2021;3;;
" Magallanes y  La Antártica Chilena";Punta Arenas;Vacunatorio SEREMI de Salud Magallanes;Pfizer;18/06/2021;1;;
" Magallanes y  La Antártica Chilena";Punta Arenas;Vacunatorio SEREMI de Salud Magallanes;Pfizer;19/06/2021;26;;
" Magallanes y  La Antártica Chilena";Punta Arenas;Vacunatorio SEREMI de Salud Magallanes;Pfizer;22/06/2021;17;;
" Tarapacá";Alto Hospicio;Centro de Salud Familiar Dr. Héctor Reyno Gutiérrez;Pfizer;22/06/2021;3;;
" Tarapacá";Alto Hospicio;Centro de Salud Familiar Dr. Yandry Añazco Montero;Pfizer;22/06/2021;2;;
" Tarapacá";Alto Hospicio;Centro de Salud Familiar Pedro Pulgar Melgarejo;Pfizer;19/06/2021;1;;
" Tarapacá";Alto Hospicio;Centro de Salud Familiar Pedro Pulgar Melgarejo;Pfizer;22/06/2021;14;;
" Tarapacá";Iquique;Centro de Salud Familiar Cirujano Aguirre;Pfizer;19/06/2021;1;;
" Tarapacá";Iquique;Centro de Salud Familiar Cirujano Aguirre;Pfizer;22/06/2021;20;;
" Tarapacá";Iquique;Centro de Salud Familiar Cirujano Guzmán;Pfizer;19/06/2021;1;;
" Tarapacá";Iquique;Centro de Salud Familiar Cirujano Guzmán;Pfizer;22/06/2021;54;;
" Tarapacá";Iquique;Centro de Salud Familiar Cirujano Videla;Pfizer;19/06/2021;1;;
" Tarapacá";Iquique;Centro de Salud Familiar Cirujano Videla;Pfizer;22/06/2021;27;;
" Tarapacá";Iquique;Centro de Salud Familiar Sur de Iquique;Pfizer;22/06/2021;31;;
" Tarapacá";Iquique;Clínica Iquique;Pfizer;22/06/2021;4;;
" Tarapacá";Iquique;Clínica Tarapacá;Pfizer;22/06/2021;6;;
" Tarapacá";Iquique;Vacunatorio Sonrisa Infantil;Pfizer;22/06/2021;2;;
" Tarapacá";Pica;Centro de Salud Familiar Dr. Juan Márquez Vismarra;Pfizer;22/06/2021;6;;
" Tarapacá";Pozo Almonte;Centro de Salud Familiar Pozo Almonte;Pfizer;22/06/2021;1;;
" Valparaíso";Algarrobo;Centro de Salud Familiar Algarrobo;Pfizer;22/06/2021;3;;
" Valparaíso";Calera;Centro de Salud Familiar Artificio;Pfizer;22/06/2021;8;;
" Valparaíso";Calle Larga;Centro de Salud Familiar José Joaquín Aguirre;Pfizer;22/06/2021;7;;
" Valparaíso";Cartagena;Centro de Salud Familiar Cartagena;Pfizer;22/06/2021;5;;
" Valparaíso";Casablanca;Hospital San José (Casablanca);Pfizer;22/06/2021;9;;
" Valparaíso";Catemu;Centro de Salud Familiar Dr. Eduardo Raggio Lanata;Pfizer;22/06/2021;10;;
" Valparaíso";Concón;Centro de Salud Familiar Concón;Pfizer;22/06/2021;65;;
" Valparaíso";El Quisco;Centro de Salud Familiar El Quisco;Pfizer;22/06/2021;11;;
" Valparaíso";El Tabo;Centro de Salud Familiar El Tabo;Pfizer;22/06/2021;3;;
" Valparaíso";El Tabo;Posta de Salud Rural Las Cruces (El Tabo);Pfizer;22/06/2021;1;;
" Valparaíso";Hijuelas;Centro de Salud Familiar Hijuelas;Pfizer;19/06/2021;1;;
" Valparaíso";Hijuelas;Centro de Salud Familiar Hijuelas;Pfizer;21/06/2021;1;;
" Valparaíso";Hijuelas;Centro de Salud Familiar Hijuelas;Pfizer;22/06/2021;2;;
" Valparaíso";Hijuelas;Posta de Salud Rural Romeral;Pfizer;22/06/2021;6;;
" Valparaíso";La Ligua;Centro de Salud Familiar Raúl Sánchez Bañados;Pfizer;22/06/2021;8;;
" Valparaíso";Limache;Hospital Santo Tomás (Limache);Pfizer;22/06/2021;11;;
" Valparaíso";Llaillay;Centro de Salud Familiar Llaillay;Pfizer;22/06/2021;1;;
" Valparaíso";Los Andes;Centro de Salud Familiar Centenario;Pfizer;22/06/2021;18;;
" Valparaíso";Los Andes;Centro de Salud Familiar Cordillera Andina;Pfizer;22/06/2021;24;;
" Valparaíso";Los Andes;Clínica Río Blanco;Pfizer;22/06/2021;15;;
" Valparaíso";Panquehue;Centro de Salud Familiar María Elena Peñaloza Morales;Pfizer;22/06/2021;6;;
" Valparaíso";Putaendo;Centro de Salud Familiar Valle de Los Libertadores;Pfizer;22/06/2021;4;;
" Valparaíso";Quillota;"""Centro Comunitario de Salud Familiar Cardenal Raúl Silva Henríquez """"Cerro Macaya""""""";Pfizer;22/06/2021;1;;
" Valparaíso";Quillota;Centro de Salud Familiar Cardenal Raúl Silva Henríquez;Pfizer;22/06/2021;16;;
" Valparaíso";Quillota;Centro de Salud Familiar La Palma;Pfizer;22/06/2021;3;;
" Valparaíso";Quilpué;Centro de Salud Familiar Alcalde Iván Manríquez;Pfizer;22/06/2021;17;;
" Valparaíso";Quilpué;Centro de Salud Familiar Aviador Acevedo;Pfizer;22/06/2021;8;;
" Valparaíso";Quilpué;Centro de Salud Familiar El Belloto;Pfizer;22/06/2021;7;;
" Valparaíso";Quilpué;Centro de Salud Familiar Pompeya;Pfizer;22/06/2021;5;;
" Valparaíso";Quilpué;Centro de Salud Familiar Quilpué;Pfizer;22/06/2021;10;;
" Valparaíso";Quintero;Hospital Adriana Cousiño (Quintero);Pfizer;22/06/2021;4;;
" Valparaíso";Rinconada;Centro de Salud Familiar Rinconada;Pfizer;22/06/2021;6;;
" Valparaíso";San Antonio;Centro de Salud Familiar Diputado Manuel Bustos Huerta;Pfizer;22/06/2021;28;;
" Valparaíso";San Esteban;Centro de Salud Familiar San Esteban;Pfizer;22/06/2021;10;;
" Valparaíso";San Felipe;Centro de Salud Familiar Curimón;Pfizer;22/06/2021;3;;
" Valparaíso";San Felipe;Centro de Salud Familiar Dr. Segismundo Iturra Taito;Pfizer;21/06/2021;8;;
" Valparaíso";San Felipe;Centro de Salud Familiar Dr. Segismundo Iturra Taito;Pfizer;22/06/2021;17;;
" Valparaíso";San Felipe;Centro de Salud Familiar San Felipe El Real;Pfizer;21/06/2021;2;;
" Valparaíso";San Felipe;Centro de Salud Familiar San Felipe El Real;Pfizer;22/06/2021;21;;
" Valparaíso";Santa María;Centro de Salud Familiar Santa María Dr. Jorge Ahumada Lemus;Pfizer;22/06/2021;10;;
" Valparaíso";Santo Domingo;Centro de Salud Familiar Rocas de Santo Domingo;Pfizer;22/06/2021;11;;
" Valparaíso";Valparaíso;;Pfizer;19/06/2021;1;;
" Valparaíso";Valparaíso;;Pfizer;22/06/2021;3;;
" Valparaíso";Valparaíso;Centro de Atención Primaria de Salud Naval (Valparaíso);Pfizer;22/06/2021;7;;
" Valparaíso";Valparaíso;Centro de Salud Familiar Barón;Pfizer;22/06/2021;6;;
" Valparaíso";Valparaíso;Centro de Salud Familiar Esperanza;Pfizer;22/06/2021;2;;
" Valparaíso";Valparaíso;Centro de Salud Familiar Jean y Marie Thierry;Pfizer;22/06/2021;6;;
" Valparaíso";Valparaíso;Centro de Salud Familiar Marcelo Mena;Pfizer;22/06/2021;6;;
" Valparaíso";Valparaíso;Centro de Salud Familiar Padre Damián Molokai;Pfizer;22/06/2021;1;;
" Valparaíso";Valparaíso;Centro de Salud Familiar Placeres;Pfizer;22/06/2021;5;;
" Valparaíso";Valparaíso;Centro de Salud Familiar Placilla;Pfizer;22/06/2021;12;;
" Valparaíso";Valparaíso;Centro de Salud Familiar Plaza Justicia;Pfizer;22/06/2021;3;;
" Valparaíso";Valparaíso;Centro de Salud Familiar Puertas Negras;Pfizer;22/06/2021;1;;
" Valparaíso";Valparaíso;Centro de Salud Familiar Quebrada Verde;Pfizer;22/06/2021;7;;
" Valparaíso";Valparaíso;Centro de Salud Familiar Reina Isabel II;Pfizer;22/06/2021;7;;
" Valparaíso";Valparaíso;Centro de Salud Familiar San José de Rodelillo;Pfizer;22/06/2021;4;;
" Valparaíso";Valparaíso;Posta de Salud Rural Laguna Verde;Pfizer;22/06/2021;3;;
" Valparaíso";Villa Alemana;Centro de Atención Primaria de Salud Naval (Villa Alemana);Pfizer;22/06/2021;2;;
" Valparaíso";Villa Alemana;Centro de Salud Familiar Eduardo Frei Montalva;Pfizer;22/06/2021;9;;
" Valparaíso";Villa Alemana;Centro de Salud Familiar Juan Bautista Bravo Vega;Pfizer;22/06/2021;2;;
" Valparaíso";Villa Alemana;Centro de Salud Familiar Villa Alemana;Pfizer;22/06/2021;9;;
" Valparaíso";Viña del Mar;Centro de Atención Primaria de Salud Naval (Viña del Mar);Pfizer;22/06/2021;23;;
" Valparaíso";Viña del Mar;Centro de Salud Familiar Brígida Zavala;Pfizer;22/06/2021;5;;
" Valparaíso";Viña del Mar;Centro de Salud Familiar Dr. Juan Carlos Baeza;Pfizer;22/06/2021;1;;
" Valparaíso";Viña del Mar;Centro de Salud Familiar Gómez Carreño;Pfizer;22/06/2021;6;;
" Valparaíso";Viña del Mar;Centro de Salud Familiar Las Torres;Pfizer;22/06/2021;12;;
" Valparaíso";Viña del Mar;Centro de Salud Familiar Lusitania;Pfizer;22/06/2021;7;;
" Valparaíso";Viña del Mar;Centro de Salud Familiar Marco Maldonado;Pfizer;22/06/2021;13;;
" Valparaíso";Viña del Mar;Centro de Salud Familiar Miraflores;Pfizer;22/06/2021;4;;
" Valparaíso";Viña del Mar;Centro de Salud Familiar Nueva Aurora;Pfizer;22/06/2021;7;;
" Valparaíso";Viña del Mar;Centro de Salud Familiar Profesor Eugenio Cienfuegos;Pfizer;22/06/2021;10;;
" Valparaíso";Viña del Mar;Centro de Salud Familiar Reñaca Alto Dr. Jorge Kaplan;Pfizer;22/06/2021;5;;
" Ñuble";Bulnes;Centro de Salud Familiar Santa Clara;Pfizer;22/06/2021;2;;
" Ñuble";Bulnes;Hospital Comunitario de Salud Familiar de Bulnes;Pfizer;22/06/2021;4;;
" Ñuble";Chillán;Centro de Salud Familiar Isabel Riquelme;Pfizer;22/06/2021;6;;
" Ñuble";Chillán;Centro de Salud Familiar Los Volcanes;Pfizer;22/06/2021;17;;
" Ñuble";Chillán;Centro de Salud Familiar Quinchamalí;Pfizer;22/06/2021;2;;
" Ñuble";Chillán;Centro de Salud Familiar San Ramón Nonato;Pfizer;18/06/2021;1;;
" Ñuble";Chillán;Centro de Salud Familiar San Ramón Nonato;Pfizer;19/06/2021;2;;
" Ñuble";Chillán;Centro de Salud Familiar San Ramón Nonato;Pfizer;22/06/2021;25;;
" Ñuble";Chillán;Centro de Salud Familiar Sol de Oriente;Pfizer;22/06/2021;1;;
" Ñuble";Chillán;Centro de Salud Familiar Ultraestación Dr. Raúl San Martín González;Pfizer;22/06/2021;3;;
" Ñuble";Chillán;Centro de Salud Familiar Violeta Parra;Pfizer;22/06/2021;48;;
" Ñuble";Chillán Viejo;Centro de Salud Familiar Dr. Federico Puga;Pfizer;22/06/2021;3;;
" Ñuble";Chillán Viejo;Centro de Salud Familiar Dra. Michelle Bachelet Jeria;Pfizer;22/06/2021;16;;
" Ñuble";Coelemu;Hospital Comunitario de Salud Familiar Dr. Eduardo Contreras Trabucco de Coelemu;Pfizer;22/06/2021;1;;
" Ñuble";Coihueco;Centro de Salud Familiar Luis Montecinos;Pfizer;22/06/2021;2;;
" Ñuble";Coihueco;Centro de Salud Familiar Michelle Chandía Alarcón;Pfizer;19/06/2021;18;;
" Ñuble";Coihueco;Centro de Salud Familiar Michelle Chandía Alarcón;Pfizer;21/06/2021;2;;
" Ñuble";Coihueco;Centro de Salud Familiar Michelle Chandía Alarcón;Pfizer;22/06/2021;6;;
" Ñuble";Coihueco;Posta de Salud Rural Talquipén;Pfizer;22/06/2021;3;;
" Ñuble";Coihueco;Posta de Salud Rural Tanilvoro;Pfizer;22/06/2021;5;;
" Ñuble";El Carmen;Hospital Comunitario de Salud Familiar de El Carmen;Pfizer;22/06/2021;1;;
" Ñuble";Ninhue;Centro de Salud Familiar Dr. David Benavente de Ninhue;Pfizer;22/06/2021;5;;
" Ñuble";Pemuco;Centro de Salud Familiar Pemuco;Pfizer;22/06/2021;5;;
" Ñuble";Pinto;Centro de Salud Familiar Pinto;Pfizer;22/06/2021;4;;
" Ñuble";Portezuelo;Centro de Salud Familiar Portezuelo;Pfizer;22/06/2021;3;;
" Ñuble";Quillón;Centro de Salud Familiar Quillón;Pfizer;22/06/2021;7;;
" Ñuble";Ránquil;Centro de Salud Familiar Ñipas;Pfizer;22/06/2021;1;;
" Ñuble";San Carlos;Centro Comunitario de Salud Familiar Cachapoal;Pfizer;22/06/2021;1;;
" Ñuble";San Carlos;Centro de Salud Familiar Dr. José Duran Trujillo;Pfizer;19/06/2021;1;;
" Ñuble";San Carlos;Centro de Salud Familiar Dr. José Duran Trujillo;Pfizer;22/06/2021;1;;
" Ñuble";San Carlos;Centro de Salud Familiar Teresa Baldechi;Pfizer;21/06/2021;3;;
" Ñuble";San Carlos;Centro de Salud Familiar Teresa Baldechi;Pfizer;22/06/2021;3;;
" Ñuble";San Fabián;Centro de Salud Familiar San Fabián;Pfizer;22/06/2021;3;;
" Ñuble";San Ignacio;Centro de Salud Familiar San Ignacio;Pfizer;22/06/2021;2;;
" Ñuble";San Nicolás;Centro de Salud Familiar San Nicolás;Pfizer;22/06/2021;4;;
" Ñuble";San Nicolás;Posta de Salud Rural Puente Ñuble;Pfizer;22/06/2021;2;;
" Ñuble";Treguaco;Centro de Salud Familiar Treguaco;Pfizer;22/06/2021;9;;
" Ñuble";Yungay;Centro de Salud Familiar Campanario;Pfizer;22/06/2021;3;;
" Ñuble";Yungay;Hospital Comunitario de Salud Familiar Pedro Morales Campos (Yungay);Pfizer;22/06/2021;3;;
" Ñuble";Ñiquén;Centro de Salud Familiar Ñiquén;Pfizer;22/06/2021;5;;
Bíobío;Arauco;Centro de Salud Familiar Carampangue;Pfizer;22/06/2021;1;;
Bíobío;Arauco;Centro de Salud Familiar Laraquete;Pfizer;21/06/2021;3;;
Bíobío;Arauco;Centro de Salud Familiar Laraquete;Pfizer;22/06/2021;1;;
Bíobío;Arauco;Hospital San Vicente de Arauco;Pfizer;22/06/2021;3;;
Bíobío;Cabrero;Centro de Salud Familiar Lautaro Cáceres Ramos;Pfizer;22/06/2021;1;;
Bíobío;Cabrero;Centro de Salud Familiar Monteaguila;Pfizer;22/06/2021;1;;
Bíobío;Cañete;Hospital Intercultural Kallvu Llanka (Cañete);Pfizer;22/06/2021;1;;
Bíobío;Chiguayante;Centro de Salud Familiar Chiguayante;Pfizer;22/06/2021;34;;
Bíobío;Chiguayante;Centro de Salud Familiar La Leonera;Pfizer;22/06/2021;44;;
Bíobío;Chiguayante;Centro de Salud Familiar Pinares;Pfizer;22/06/2021;8;;
Bíobío;Concepción;;Pfizer;22/06/2021;14;;
Bíobío;Concepción;Centro de Salud Familiar Lorenzo Arenas;Pfizer;22/06/2021;2;;
Bíobío;Concepción;Centro de Salud Familiar O'Higgins;Pfizer;22/06/2021;14;;
Bíobío;Concepción;Centro de Salud Familiar Pedro de Valdivia;Pfizer;22/06/2021;16;;
Bíobío;Concepción;Centro de Salud Familiar Santa Sabina;Pfizer;18/06/2021;2;;
Bíobío;Concepción;Centro de Salud Familiar Santa Sabina;Pfizer;22/06/2021;40;;
Bíobío;Concepción;Centro de Salud Familiar Tucapel;Pfizer;22/06/2021;2;;
Bíobío;Concepción;Centro de Salud Familiar Villa Nonguén (Organizaciones sin fines de lucro y ONG);Pfizer;22/06/2021;9;;
Bíobío;Concepción;Centro de Salud Familiar Víctor Manuel Fernández;Pfizer;22/06/2021;14;;
Bíobío;Concepción;Clínica de la Mujer Sanatorio Alemán;Pfizer;22/06/2021;4;;
Bíobío;Coronel;Centro de Salud Familiar Carlos Pinto Fierro;Pfizer;22/06/2021;10;;
Bíobío;Curanilahue;Centro de Salud Familiar Eleuterio Ramírez;Pfizer;22/06/2021;2;;
Bíobío;Curanilahue;Hospital Provincial Dr. Rafael Avaría (Curanilahue);Pfizer;22/06/2021;3;;
Bíobío;Florida;Hospital San Agustín de Florida;Pfizer;22/06/2021;6;;
Bíobío;Hualpén;Centro de Salud Familiar Hualpencillo;Pfizer;22/06/2021;14;;
Bíobío;Hualpén;Centro de Salud Familiar La Floresta;Pfizer;20/06/2021;1;;
Bíobío;Hualpén;Centro de Salud Familiar La Floresta;Pfizer;22/06/2021;13;;
Bíobío;Hualpén;Clínica Universitaria de Concepción;Pfizer;21/06/2021;17;;
Bíobío;Hualpén;Clínica Universitaria de Concepción;Pfizer;22/06/2021;4;;
Bíobío;Hualqui;Centro de Salud Familiar Hualqui;Pfizer;22/06/2021;6;;
Bíobío;Laja;Hospital Comunitario de Laja;Pfizer;19/06/2021;1;;
Bíobío;Laja;Hospital Comunitario de Laja;Pfizer;22/06/2021;4;;
Bíobío;Lebu;Centro de Salud Familiar Lebu Norte;Pfizer;22/06/2021;1;;
Bíobío;Lebu;Hospital de Lebu;Pfizer;21/06/2021;5;;
Bíobío;Lebu;Hospital de Lebu;Pfizer;22/06/2021;7;;
Bíobío;Los Álamos;Centro de Salud Familiar Los Álamos;Pfizer;21/06/2021;5;;
Bíobío;Los Álamos;Centro de Salud Familiar Los Álamos;Pfizer;22/06/2021;7;;
Bíobío;Los Álamos;Posta de Salud Rural Antihuala;Pfizer;22/06/2021;1;;
Bíobío;Los Álamos;Posta de Salud Rural Cerro Alto;Pfizer;21/06/2021;2;;
Bíobío;Los Álamos;Posta de Salud Rural Cerro Alto;Pfizer;22/06/2021;3;;
Bíobío;Los Ángeles;Centro de Salud Familiar 2 Septiembre;Pfizer;22/06/2021;14;;
Bíobío;Los Ángeles;Centro de Salud Familiar Nororiente de Los Ángeles;Pfizer;22/06/2021;9;;
Bíobío;Los Ángeles;Centro de Salud Familiar Norte de Los Ángeles;Pfizer;08/04/2021;1;;
Bíobío;Los Ángeles;Centro de Salud Familiar Norte de Los Ángeles;Pfizer;12/06/2021;;1;
Bíobío;Los Ángeles;Centro de Salud Familiar Norte de Los Ángeles;Pfizer;22/06/2021;13;;
Bíobío;Los Ángeles;Centro de Salud Familiar Nuevo Horizonte;Pfizer;22/06/2021;4;;
Bíobío;Lota;Centro de Salud Familiar Dr. Juan Cartes Arias;Pfizer;22/06/2021;7;;
Bíobío;Lota;Centro de Salud Familiar Dr. Sergio Lagos Olave (ex Nº 4 Lota Bajo);Pfizer;22/06/2021;6;;
Bíobío;Nacimiento;Hospital Comunitario y Familiar de Nacimiento;Pfizer;22/06/2021;4;;
Bíobío;Penco;Centro de Salud Familiar Lirquén;Pfizer;22/06/2021;4;;
Bíobío;Penco;Centro de Salud Familiar Penco;Pfizer;22/06/2021;16;;
Bíobío;Quilleco;Centro de Salud Familiar Canteras Villa Mercedes;Pfizer;22/06/2021;1;;
Bíobío;San Pedro de la Paz;Centro de Salud Familiar Boca Sur;Pfizer;22/06/2021;3;;
Bíobío;San Pedro de la Paz;Centro de Salud Familiar Lomas Coloradas;Pfizer;22/06/2021;7;;
Bíobío;San Pedro de la Paz;Centro de Salud Familiar San Pedro de La Costa;Pfizer;22/06/2021;7;;
Bíobío;San Pedro de la Paz;Centro de Salud Familiar San Pedro de La Paz Candelaria;Pfizer;19/06/2021;1;;
Bíobío;San Pedro de la Paz;Centro de Salud Familiar San Pedro de La Paz Candelaria;Pfizer;22/06/2021;45;;
Bíobío;Santa Bárbara;Centro Comunitario de Salud Familiar Santa Bárbara;Pfizer;22/06/2021;3;;
Bíobío;Santa Bárbara;Hospital Comunitario de Santa Bárbara;Pfizer;22/06/2021;2;;
Bíobío;Talcahuano;Centro de Salud Familiar Los Cerros;Pfizer;22/06/2021;3;;
Bíobío;Talcahuano;Centro de Salud Familiar Paulina Avendaño Pereda;Pfizer;22/06/2021;20;;
Bíobío;Talcahuano;Centro de Salud Familiar San Vicente;Pfizer;21/06/2021;13;;
Bíobío;Talcahuano;Centro de Salud Familiar San Vicente;Pfizer;22/06/2021;15;;
Bíobío;Tomé;Centro de Salud Familiar Bellavista;Pfizer;21/06/2021;3;;
Bíobío;Tomé;Centro de Salud Familiar Bellavista;Pfizer;22/06/2021;7;;
Bíobío;Tucapel;Hospital Comunitario Dr. Roberto Muñoz Urrutia de Huépil;Pfizer;22/06/2021;3;;
Bíobío;Yumbel;Hospital Comunitario de Yumbel;Pfizer;22/06/2021;1;;
Libertador B. O'Higgins;Chimbarongo;Hospital Mercedes de Chimbarongo;Pfizer;22/06/2021;2;;
Libertador B. O'Higgins;Chimbarongo;Posta de Salud Rural Codegua;Pfizer;22/06/2021;5;;
Libertador B. O'Higgins;Chépica;Centro de Salud Familiar Chépica;Pfizer;22/06/2021;4;;
Libertador B. O'Higgins;Codegua;Centro de Salud Familiar Codegua;Pfizer;22/06/2021;1;;
Libertador B. O'Higgins;Coinco;Hospital de Coínco;Pfizer;22/06/2021;1;;
Libertador B. O'Higgins;Coltauco;Centro de Salud Familiar Francisco Labrin de Coltauco;Pfizer;22/06/2021;4;;
Libertador B. O'Higgins;Doñihue;Centro de Salud Familiar Doñihue;Pfizer;22/06/2021;1;;
Libertador B. O'Higgins;Doñihue;Centro de Salud Familiar Lo Miranda;Pfizer;22/06/2021;5;;
Libertador B. O'Higgins;Graneros;Hospital Santa Filomena de Graneros;Pfizer;21/06/2021;4;;
Libertador B. O'Higgins;Graneros;Hospital Santa Filomena de Graneros;Pfizer;22/06/2021;4;;
Libertador B. O'Higgins;La Estrella;Centro de Salud Familiar La Estrella;Pfizer;22/06/2021;1;;
Libertador B. O'Higgins;Las Cabras;Centro de Salud Familiar Las Cabras;Pfizer;22/06/2021;1;;
Libertador B. O'Higgins;Lolol;Hospital de Lolol;Pfizer;22/06/2021;1;;
Libertador B. O'Higgins;Machalí;Centro de Salud Familiar Dr. Osvaldo Ruz Orrego de Machalí;Pfizer;22/06/2021;24;;
Libertador B. O'Higgins;Malloa;Centro de Salud Familiar de Malloa;Pfizer;22/06/2021;7;;
Libertador B. O'Higgins;Malloa;Centro de Salud Familiar de Pelequen;Pfizer;22/06/2021;16;;
Libertador B. O'Higgins;Marchihue;Hospital de Marchigüe;Pfizer;22/06/2021;1;;
Libertador B. O'Higgins;Mostazal;Centro de Salud Familiar San Francisco Mostazal;Pfizer;21/06/2021;1;;
Libertador B. O'Higgins;Mostazal;Centro de Salud Familiar San Francisco Mostazal;Pfizer;22/06/2021;3;;
Libertador B. O'Higgins;Mostazal;Posta de Salud Rural La Punta;Pfizer;22/06/2021;1;;
Libertador B. O'Higgins;Nancagua;Hospital de Nancagua;Pfizer;22/06/2021;2;;
Libertador B. O'Higgins;Navidad;Centro de Salud Familiar Valle Mar Navidad;Pfizer;22/06/2021;6;;
Libertador B. O'Higgins;Olivar;Centro de Salud Familiar Olivar Alto;Pfizer;22/06/2021;5;;
Libertador B. O'Higgins;Palmilla;Centro de Salud Familiar de Palmilla;Pfizer;22/06/2021;2;;
Libertador B. O'Higgins;Palmilla;Posta de Salud Rural San José del Carmen;Pfizer;22/06/2021;6;;
Libertador B. O'Higgins;Paredones;Centro de Salud Familiar Paredones;Pfizer;22/06/2021;2;;
Libertador B. O'Higgins;Peralillo;Centro de Salud Familiar Peralillo;Pfizer;22/06/2021;7;;
Libertador B. O'Higgins;Peralillo;Posta de Salud Rural Población;Pfizer;22/06/2021;1;;
Libertador B. O'Higgins;Peumo;Hospital Del Salvador de Peumo;Pfizer;22/06/2021;6;;
Libertador B. O'Higgins;Pichidegua;Hospital de Pichidegua;Pfizer;22/06/2021;1;;
Libertador B. O'Higgins;Placilla;Consultorio Placilla (Placilla);Pfizer;21/06/2021;7;;
Libertador B. O'Higgins;Placilla;Consultorio Placilla (Placilla);Pfizer;22/06/2021;4;;
Libertador B. O'Higgins;Quinta de Tilcoco;Centro de Salud Familiar Quinta de Tilcoco;Pfizer;22/06/2021;3;;
Libertador B. O'Higgins;Rancagua;Centro Comunitario de Salud Familiar Ciudad de Paju;Pfizer;22/06/2021;4;;
Libertador B. O'Higgins;Rancagua;Centro de Salud Familiar N° 1 Dr. Enrique Dintrans;Pfizer;18/06/2021;1;;
Libertador B. O'Higgins;Rancagua;Centro de Salud Familiar N° 1 Dr. Enrique Dintrans;Pfizer;22/06/2021;9;;
Libertador B. O'Higgins;Rancagua;Centro de Salud Familiar N° 2 Dr. Eduardo Geyter;Pfizer;22/06/2021;34;;
Libertador B. O'Higgins;Rancagua;Centro de Salud Familiar N° 3 Dr. Abel Zapata;Pfizer;22/06/2021;5;;
Libertador B. O'Higgins;Rancagua;Centro de Salud Familiar N° 5 Dr. Juan Chiorrini;Pfizer;22/06/2021;4;;
Libertador B. O'Higgins;Rancagua;Centro de Salud Familiar N° 6 Ignacio Caroca;Pfizer;22/06/2021;3;;
Libertador B. O'Higgins;Rancagua;Centro de Salud Familiar Nº 4 Dra. María Latife;Pfizer;22/06/2021;8;;
Libertador B. O'Higgins;Rancagua;Hospital Clínico Fusat Rancagua;Pfizer;22/06/2021;12;;
Libertador B. O'Higgins;Rancagua;Hospital Regional de Rancagua;Pfizer;22/06/2021;1;;
Libertador B. O'Higgins;Rengo;Centro de Salud Familiar Rengo;Pfizer;22/06/2021;4;;
Libertador B. O'Higgins;Rengo;Centro de Salud Familiar Rengo Urbano Oriente;Pfizer;22/06/2021;16;;
Libertador B. O'Higgins;Rengo;Centro de Salud Familiar Rosario;Pfizer;22/06/2021;3;;
Libertador B. O'Higgins;Rengo;Posta de Salud Rural Lo de Lobos;Pfizer;22/06/2021;1;;
Libertador B. O'Higgins;Requínoa;Centro de Salud Familiar Requínoa;Pfizer;22/06/2021;8;;
Libertador B. O'Higgins;San Fernando;Centro de Salud Familiar Chacabuco;Pfizer;22/06/2021;7;;
Libertador B. O'Higgins;San Fernando;Centro de Salud Familiar Oriente de San Fernando;Pfizer;22/06/2021;1;;
Libertador B. O'Higgins;San Fernando;Vacunatorio y Sala de Procedimientos Carolina Díaz González;Pfizer;22/06/2021;7;;
Libertador B. O'Higgins;San Vicente;Centro de Salud Familiar San Vicente de Tagua Tagua;Pfizer;23/03/2021;1;;
Libertador B. O'Higgins;San Vicente;Centro de Salud Familiar San Vicente de Tagua Tagua;Pfizer;22/06/2021;12;1;
Libertador B. O'Higgins;Santa Cruz;Centro de Salud Familiar Santa Cruz;Pfizer;22/06/2021;8;;
Libertador B. O'Higgins;Santa Cruz;Posta de Salud Rural Isla de Yáquil;Pfizer;22/06/2021;3;;
Maule;Cauquenes;Centro de Salud Familiar Dr. Ricardo Valdés Hurtado;Pfizer;22/06/2021;1;;
Maule;Colbún;Centro de Salud Familiar Alcalde Francisco Sepúlveda Salgado;Pfizer;22/06/2021;12;;
Maule;Constitución;Centro de Salud Familiar Cerro Alto;Pfizer;18/06/2021;1;;
Maule;Constitución;Centro de Salud Familiar Cerro Alto;Pfizer;22/06/2021;2;;
Maule;Curepto;Hospital de Curepto;Pfizer;22/06/2021;1;;
Maule;Curicó;Centro De Salud Familiar A.S. Betty Muñoz Arce (Ex Sol de Septiembre);Pfizer;22/06/2021;13;;
Maule;Curicó;Centro de Salud Familiar Colón;Pfizer;22/06/2021;9;;
Maule;Curicó;Centro de Salud Familiar Curicó Centro;Pfizer;22/06/2021;23;;
Maule;Curicó;Centro de Salud Familiar Los Niches;Pfizer;22/06/2021;5;;
Maule;Curicó;Centro de Salud Familiar Miguel Ángel Arenas López;Pfizer;19/06/2021;1;;
Maule;Curicó;Centro de Salud Familiar Miguel Ángel Arenas López;Pfizer;22/06/2021;6;;
Maule;Curicó;Centro de Salud Familiar Sarmiento;Pfizer;22/06/2021;6;;
Maule;Empedrado;Centro de Salud Familiar Empedrado;Pfizer;22/06/2021;4;;
Maule;Linares;Centro de Salud Familiar Valentín Letelier;Pfizer;22/06/2021;15;;
Maule;Linares;Posta de Salud Rural Las Toscas;Pfizer;17/06/2021;1;;
Maule;Linares;Posta de Salud Rural San Víctor Álamos;Pfizer;22/06/2021;2;;
Maule;Longaví;Centro de Salud Familiar Amanda Benavente;Pfizer;22/06/2021;1;;
Maule;Maule;Centro de Salud Familiar Maule;Pfizer;18/06/2021;10;;
Maule;Maule;Centro de Salud Familiar Maule;Pfizer;19/06/2021;6;;
Maule;Maule;Centro de Salud Familiar Maule;Pfizer;20/06/2021;4;;
Maule;Maule;Centro de Salud Familiar Maule;Pfizer;22/06/2021;25;;
Maule;Molina;Centro de Salud Familiar Lontué;Pfizer;21/06/2021;1;;
Maule;Molina;Centro de Salud Familiar Lontué;Pfizer;22/06/2021;4;;
Maule;Molina;Posta de Salud Rural Pichingal;Pfizer;22/06/2021;1;;
Maule;Parral;Centro Comunitario de Salud Familiar Los Olivos;Pfizer;22/06/2021;12;;
Maule;Parral;Centro de Salud Familiar Arrau Méndez;Pfizer;22/06/2021;8;;
Maule;Pelarco;Centro de Salud Familiar Pelarco;Pfizer;22/06/2021;7;;
Maule;Rauco;Centro de Salud Familiar Rauco;Pfizer;22/06/2021;4;;
Maule;Retiro;Centro de Salud Familiar Marta Estévez;Pfizer;22/06/2021;1;;
Maule;Retiro;Posta de Salud Rural Copihue;Pfizer;22/06/2021;1;;
Maule;Romeral;Centro de Salud Familiar Romeral;Pfizer;22/06/2021;4;;
Maule;Río Claro;Centro de Salud Familiar Cumpeo;Pfizer;22/06/2021;1;;
Maule;San Clemente;Centro de Salud Familiar San Clemente;Pfizer;19/06/2021;1;;
Maule;San Clemente;Centro de Salud Familiar San Clemente;Pfizer;22/06/2021;2;;
Maule;San Javier;Centro de Salud Familiar Dr. Carlos Díaz Gidi;Pfizer;22/06/2021;24;;
Maule;San Rafael;Centro de Salud Familiar San Rafael (San Rafael);Pfizer;22/06/2021;1;;
Maule;Talca;Centro de Salud Familiar Bicentenario;Pfizer;22/06/2021;14;;
Maule;Talca;Centro de Salud Familiar Carlos Trupp;Pfizer;22/06/2021;33;;
Maule;Talca;Centro de Salud Familiar Dr. Julio Contardo Urzúa;Pfizer;22/06/2021;36;;
Maule;Talca;Centro de Salud Familiar Faustino González;Pfizer;22/06/2021;23;;
Maule;Talca;Centro de Salud Familiar José Dionisio Astaburuaga;Pfizer;22/06/2021;55;;
Maule;Talca;Centro de Salud Familiar La Florida;Pfizer;22/06/2021;52;;
Maule;Talca;Centro de Salud Familiar Las Américas;Pfizer;22/06/2021;69;;
Maule;Talca;Centro de Salud Familiar Villa Magisterio;Pfizer;22/06/2021;23;;
Maule;Talca;Posta de Salud Rural Mercedes;Pfizer;22/06/2021;4;;
Maule;Yerbas Buenas;Centro de Salud Familiar Ignacio Carrera Pinto;Pfizer;22/06/2021;11;;
Metropolitana  Santiago;Alhué;Centro de Salud Familiar Villa Alhué;Pfizer;22/06/2021;8;;
Metropolitana  Santiago;Buin;Centro de Salud Familiar Maipo;Pfizer;22/06/2021;7;;
Metropolitana  Santiago;Buin;Posta de Salud Rural Viluco;Pfizer;22/06/2021;2;;
Metropolitana  Santiago;Calera de Tango;Centro de Salud Familiar Los Bajos de San Agustín;Pfizer;22/06/2021;26;;
Metropolitana  Santiago;Cerrillos;Centro de Salud Familiar Dr. Norman Voulliéme;Pfizer;22/06/2021;27;;
Metropolitana  Santiago;Cerro Navia;Centro de Salud Familiar Cerro Navia;Pfizer;22/06/2021;3;;
Metropolitana  Santiago;Cerro Navia;Centro de Salud Familiar Dr. Adalberto Steeger;Pfizer;20/06/2021;1;;
Metropolitana  Santiago;Cerro Navia;Centro de Salud Familiar Dr. Adalberto Steeger;Pfizer;21/06/2021;14;;
Metropolitana  Santiago;Cerro Navia;Centro de Salud Familiar Dr. Adalberto Steeger;Pfizer;22/06/2021;29;;
Metropolitana  Santiago;Cerro Navia;Centro de Salud Familiar Dr. Arturo Albertz;Pfizer;22/06/2021;6;;
Metropolitana  Santiago;Colina;Centro de Salud Familiar Colina;Pfizer;22/06/2021;43;;
Metropolitana  Santiago;Colina;Centro de Salud Familiar Esmeralda;Pfizer;22/06/2021;3;;
Metropolitana  Santiago;Colina;Posta de Salud Rural Los Ingleses;Pfizer;22/06/2021;7;;
Metropolitana  Santiago;Conchalí;Centro de Salud Familiar Alberto Bachelet Martínez;Pfizer;21/06/2021;2;;
Metropolitana  Santiago;Conchalí;Centro de Salud Familiar Alberto Bachelet Martínez;Pfizer;22/06/2021;14;;
Metropolitana  Santiago;Conchalí;Centro de Salud Familiar José Symon Ojeda;Pfizer;22/06/2021;12;;
Metropolitana  Santiago;Conchalí;Centro de Salud Familiar Juanita Aguirre;Pfizer;22/06/2021;8;;
Metropolitana  Santiago;Conchalí;Centro de Salud Familiar Lucas Sierra;Pfizer;22/06/2021;19;;
Metropolitana  Santiago;Curacaví;Hospital de Curacaví;Pfizer;22/06/2021;11;;
Metropolitana  Santiago;El Bosque;Centro de Salud Familiar Canciller Orlando Letelier;Pfizer;21/06/2021;17;;
Metropolitana  Santiago;El Bosque;Centro de Salud Familiar Canciller Orlando Letelier;Pfizer;22/06/2021;14;;
Metropolitana  Santiago;El Bosque;Centro de Salud Familiar Cóndores de Chile;Pfizer;21/06/2021;7;;
Metropolitana  Santiago;El Bosque;Centro de Salud Familiar Cóndores de Chile;Pfizer;22/06/2021;16;;
Metropolitana  Santiago;El Bosque;Centro de Salud Familiar Dr. Carlos Lorca Tobar;Pfizer;21/06/2021;1;;
Metropolitana  Santiago;El Bosque;Centro de Salud Familiar Dr. Carlos Lorca Tobar;Pfizer;22/06/2021;8;;
Metropolitana  Santiago;El Bosque;Centro de Salud Familiar Dr. Mario Salcedo;Pfizer;21/06/2021;7;;
Metropolitana  Santiago;El Bosque;Centro de Salud Familiar Dr. Mario Salcedo;Pfizer;22/06/2021;12;;
Metropolitana  Santiago;El Bosque;Centro de Salud Familiar Dra. Haydeé López Casoou;Pfizer;21/06/2021;7;;
Metropolitana  Santiago;El Bosque;Centro de Salud Familiar Dra. Haydeé López Casoou;Pfizer;22/06/2021;3;;
Metropolitana  Santiago;El Bosque;Centro de Salud Familiar Santa Laura;Pfizer;21/06/2021;3;;
Metropolitana  Santiago;El Bosque;Centro de Salud Familiar Santa Laura;Pfizer;22/06/2021;21;;
Metropolitana  Santiago;El Monte;Centro de Salud Familiar El Monte;Pfizer;22/06/2021;1;;
Metropolitana  Santiago;Estación Central;Centro de Salud Familiar Las Mercedes;Pfizer;22/06/2021;4;;
Metropolitana  Santiago;Estación Central;Centro de Salud Familiar Padre Vicente Irarrázabal;Pfizer;22/06/2021;2;;
Metropolitana  Santiago;Estación Central;Centro de Salud Familiar San José de Chuchunco;Pfizer;22/06/2021;8;;
Metropolitana  Santiago;Huechuraba;Centro Comunitario de Salud Familiar Los Libertadores;Pfizer;22/06/2021;7;;
Metropolitana  Santiago;Huechuraba;Centro de Salud Familiar Dr. Salvador Allende Gossens;Pfizer;22/06/2021;27;;
Metropolitana  Santiago;Huechuraba;Centro de Salud Familiar Dr. Victor Castro Wiren;Pfizer;22/06/2021;21;;
Metropolitana  Santiago;Huechuraba;Centro de Salud Familiar El Barrero;Pfizer;22/06/2021;4;;
Metropolitana  Santiago;Huechuraba;Centro de Salud Familiar La Pincoya;Pfizer;22/06/2021;1;;
Metropolitana  Santiago;Independencia;Centro de Salud Familiar Agustín Cruz Melo;Pfizer;22/06/2021;8;;
Metropolitana  Santiago;Independencia;Centro de Salud Familiar Juan Antonio Ríos;Pfizer;22/06/2021;15;;
Metropolitana  Santiago;Independencia;Complejo Hospitalario San José (Santiago, Independencia);Pfizer;22/06/2021;5;;
Metropolitana  Santiago;Independencia;Hospital Clínico Universidad de Chile;Pfizer;22/06/2021;3;;
Metropolitana  Santiago;Isla de Maipo;Centro de Salud Familiar Isla de Maipo;Pfizer;22/06/2021;5;;
Metropolitana  Santiago;Isla de Maipo;Centro de Salud Familiar La Islita;Pfizer;22/06/2021;12;;
Metropolitana  Santiago;La Cisterna;Centro de Salud Familiar Eduardo Frei Montalva;Pfizer;22/06/2021;13;;
Metropolitana  Santiago;La Florida;Centro de Salud Familiar La Florida;Pfizer;18/06/2021;2;;
Metropolitana  Santiago;La Florida;Centro de Salud Familiar La Florida;Pfizer;19/06/2021;1;;
Metropolitana  Santiago;La Florida;Centro de Salud Familiar La Florida;Pfizer;21/06/2021;13;;
Metropolitana  Santiago;La Florida;Centro de Salud Familiar La Florida;Pfizer;22/06/2021;119;;
Metropolitana  Santiago;La Florida;Clínica Vespucio;Pfizer;22/06/2021;2;;
Metropolitana  Santiago;La Granja;Centro de Salud Familiar Granja Sur;Pfizer;22/06/2021;12;;
Metropolitana  Santiago;La Granja;Centro de Salud Familiar La Granja;Pfizer;22/06/2021;4;;
Metropolitana  Santiago;La Granja;Centro de Salud Familiar Malaquías Concha;Pfizer;22/06/2021;9;;
Metropolitana  Santiago;La Granja;Centro de Salud Familiar Padre Esteban Gumucio Vives;Pfizer;22/06/2021;6;;
Metropolitana  Santiago;La Pintana;Centro de Salud Familiar Flor Fernández;Pfizer;22/06/2021;6;;
Metropolitana  Santiago;La Pintana;Centro de Salud Familiar Juan Pablo II Red de Salud UC CHRISTUS;Pfizer;22/06/2021;2;;
Metropolitana  Santiago;La Pintana;Centro de Salud Familiar Santiago de Nueva Extremadura;Pfizer;22/06/2021;4;;
Metropolitana  Santiago;La Pintana;Centro de Salud Familiar Santo Tomás;Pfizer;22/06/2021;10;;
Metropolitana  Santiago;La Reina;Centro de Salud Familiar Juan Pablo II;Pfizer;22/06/2021;16;;
Metropolitana  Santiago;La Reina;Centro de Salud Familiar Ossandon;Pfizer;22/06/2021;85;;
Metropolitana  Santiago;Lampa;Centro de Salud Familiar Batuco;Pfizer;22/06/2021;13;;
Metropolitana  Santiago;Lampa;Centro de Salud Familiar José Bauza Frau;Pfizer;22/06/2021;10;;
Metropolitana  Santiago;Lampa;Posta de Salud Rural Juan Pablo II de Lampa;Pfizer;19/06/2021;1;;
Metropolitana  Santiago;Lampa;Posta de Salud Rural Juan Pablo II de Lampa;Pfizer;22/06/2021;10;;
Metropolitana  Santiago;Las Condes;Centro de Salud Familiar Apoquindo;Pfizer;21/06/2021;48;;
Metropolitana  Santiago;Las Condes;Centro de Salud Familiar Apoquindo;Pfizer;22/06/2021;134;;
Metropolitana  Santiago;Las Condes;Clínica Las Condes;Pfizer;22/06/2021;6;;
Metropolitana  Santiago;Las Condes;Hospital FACH;Pfizer;22/06/2021;31;;
Metropolitana  Santiago;Lo Barnechea;Centro de Salud Familiar Lo Barnechea;Pfizer;24/05/2021;1;;
Metropolitana  Santiago;Lo Barnechea;Centro de Salud Familiar Lo Barnechea;Pfizer;19/06/2021;6;;
Metropolitana  Santiago;Lo Barnechea;Centro de Salud Familiar Lo Barnechea;Pfizer;21/06/2021;76;1;
Metropolitana  Santiago;Lo Barnechea;Centro de Salud Familiar Lo Barnechea;Pfizer;22/06/2021;86;;
Metropolitana  Santiago;Lo Espejo;Centro de Salud Familiar Clara Estrella;Pfizer;22/06/2021;20;;
Metropolitana  Santiago;Lo Espejo;Centro de Salud Familiar Dra. Mariela Salgado Zepeda;Pfizer;22/06/2021;5;;
Metropolitana  Santiago;Lo Espejo;Centro de Salud Familiar Julio Acuña Pinzón;Pfizer;22/06/2021;4;;
Metropolitana  Santiago;Lo Espejo;Centro de Salud Familiar Pueblo Lo Espejo;Pfizer;22/06/2021;6;;
Metropolitana  Santiago;Lo Prado;Centro de Salud Familiar Dr. Carlos Avendaño;Pfizer;22/06/2021;15;;
Metropolitana  Santiago;Lo Prado;Centro de Salud Familiar Dr. Raúl Yazigi;Pfizer;22/06/2021;12;;
Metropolitana  Santiago;Lo Prado;Centro de Salud Familiar Pablo Neruda;Pfizer;22/06/2021;8;;
Metropolitana  Santiago;Lo Prado;Centro de Salud Familiar Santa Anita;Pfizer;22/06/2021;7;;
Metropolitana  Santiago;Macul;Centro Médico San Joaquín Red de Salud UC CHRISTUS;Pfizer;22/06/2021;2;;
Metropolitana  Santiago;Macul;Centro de Salud Familiar Félix de Amesti;Pfizer;22/06/2021;24;;
Metropolitana  Santiago;Macul;Centro de Salud Familiar Padre Alberto Hurtado;Pfizer;22/06/2021;13;;
Metropolitana  Santiago;Macul;Centro de Salud Familiar Santa Julia;Pfizer;21/06/2021;9;;
Metropolitana  Santiago;Macul;Centro de Salud Familiar Santa Julia;Pfizer;22/06/2021;8;;
Metropolitana  Santiago;Maipú;Centro de Salud Familiar Clotario Blest;Pfizer;22/06/2021;23;;
Metropolitana  Santiago;Maipú;Centro de Salud Familiar Dr. Carlos Godoy;Pfizer;22/06/2021;6;;
Metropolitana  Santiago;Maipú;Centro de Salud Familiar Dr. Iván Insunza;Pfizer;22/06/2021;4;;
Metropolitana  Santiago;Maipú;Centro de Salud Familiar Dr. José Eduardo Ahués Salame;Pfizer;22/06/2021;10;;
Metropolitana  Santiago;Maipú;Centro de Salud Familiar Dr. Luis Ferrada;Pfizer;22/06/2021;4;;
Metropolitana  Santiago;Maipú;Centro de Salud Familiar Dra. Ana María Juricic;Pfizer;22/06/2021;23;;
Metropolitana  Santiago;Maipú;Centro de Salud Familiar Maipú;Pfizer;22/06/2021;20;;
Metropolitana  Santiago;Maipú;Centro de Salud Familiar Presidenta Michelle Bachelet;Pfizer;22/06/2021;9;;
Metropolitana  Santiago;María Pinto;Centro de Salud Familiar Adriana Madrid De Costabal;Pfizer;22/06/2021;1;;
Metropolitana  Santiago;Melipilla;Centro de Salud Familiar Florencia;Pfizer;22/06/2021;71;;
Metropolitana  Santiago;Padre Hurtado;Centro de Salud Familiar Juan Pablo II;Pfizer;22/06/2021;26;;
Metropolitana  Santiago;Paine;Centro de Salud Familiar Dr. Miguel Ángel Solar (ex CESFAM Paine);Pfizer;22/06/2021;44;;
Metropolitana  Santiago;Paine;Centro de Salud Familiar Dr. Raúl Moya;Pfizer;22/06/2021;6;;
Metropolitana  Santiago;Paine;Posta de Salud Rural Huelquén;Pfizer;22/06/2021;6;;
Metropolitana  Santiago;Paine;Posta de Salud Rural Pintué;Pfizer;22/06/2021;14;;
Metropolitana  Santiago;Pedro Aguirre Cerda;Centro de Salud Familiar Amador Neghme;Pfizer;22/06/2021;8;;
Metropolitana  Santiago;Pedro Aguirre Cerda;Centro de Salud Familiar Edgardo Enríquez Fröedden;Pfizer;22/06/2021;5;;
Metropolitana  Santiago;Pedro Aguirre Cerda;Centro de Salud Familiar Lo Valledor Norte;Pfizer;22/06/2021;8;;
Metropolitana  Santiago;Pedro Aguirre Cerda;Centro de Salud Familiar Padre Pierre Dubois (Ex La Feria);Pfizer;22/06/2021;1;;
Metropolitana  Santiago;Peñaflor;Centro de Salud Familiar Dr. Fernando Monckeberg;Pfizer;22/06/2021;8;;
Metropolitana  Santiago;Peñaflor;Centro de Salud Familiar Peñaflor;Pfizer;21/06/2021;2;;
Metropolitana  Santiago;Peñalolén;Centro de Salud Familiar Cardenal Silva Henríquez;Pfizer;22/06/2021;3;;
Metropolitana  Santiago;Peñalolén;Centro de Salud Familiar Carol Urzúa Ibáñez;Pfizer;22/06/2021;29;;
Metropolitana  Santiago;Peñalolén;Centro de Salud Familiar La Faena;Pfizer;22/06/2021;14;;
Metropolitana  Santiago;Peñalolén;Centro de Salud Familiar Lo Hermida;Pfizer;22/06/2021;17;;
Metropolitana  Santiago;Peñalolén;Centro de Salud Familiar Padre Gerardo Whelan;Pfizer;22/06/2021;7;;
Metropolitana  Santiago;Peñalolén;Centro de Salud Familiar San Luis;Pfizer;22/06/2021;21;;
Metropolitana  Santiago;Pirque;Centro de Salud Familiar Dr. José Manuel Balmaceda;Pfizer;22/06/2021;13;;
Metropolitana  Santiago;Pirque;Centro de Salud Rural El Principal;Pfizer;22/06/2021;6;;
Metropolitana  Santiago;Providencia;Centro de Salud Familiar Aguilucho;Pfizer;22/06/2021;33;;
Metropolitana  Santiago;Providencia;Centro de Salud Familiar Dr. Alfonso Leng;Pfizer;22/06/2021;19;;
Metropolitana  Santiago;Providencia;Centro de Salud Familiar Dr. Hernán Alessandri;Pfizer;22/06/2021;36;;
Metropolitana  Santiago;Providencia;Clínica Indisa;Pfizer;22/06/2021;3;;
Metropolitana  Santiago;Providencia;Clínica Santa María;Pfizer;22/06/2021;23;;
Metropolitana  Santiago;Pudahuel;Centro de Salud Familiar Cardenal Raúl Silva Henríquez;Pfizer;22/06/2021;5;;
Metropolitana  Santiago;Pudahuel;Centro de Salud Familiar Dr. Gustavo Molina;Pfizer;22/06/2021;7;;
Metropolitana  Santiago;Pudahuel;Centro de Salud Familiar Pudahuel Estrella;Pfizer;22/06/2021;48;;
Metropolitana  Santiago;Pudahuel;Centro de Salud Familiar Pudahuel Poniente;Pfizer;22/06/2021;8;;
Metropolitana  Santiago;Pudahuel;Centro de Salud Familiar Violeta Parra;Pfizer;22/06/2021;6;;
Metropolitana  Santiago;Puente Alto;Centro de Salud Familiar Bernardo Leighton;Pfizer;22/06/2021;12;;
Metropolitana  Santiago;Puente Alto;Centro de Salud Familiar Cardenal Silva Henríquez;Pfizer;22/06/2021;11;;
Metropolitana  Santiago;Puente Alto;Centro de Salud Familiar Dr. Alejandro del Río;Pfizer;22/06/2021;23;;
Metropolitana  Santiago;Puente Alto;Centro de Salud Familiar Karol Wojtyla;Pfizer;22/06/2021;1;;
Metropolitana  Santiago;Puente Alto;Centro de Salud Familiar Laurita Vicuña;Pfizer;22/06/2021;23;;
Metropolitana  Santiago;Puente Alto;Centro de Salud Familiar Madre Teresa de Calcuta Red de Salud UC CHRISTUS;Pfizer;22/06/2021;3;;
Metropolitana  Santiago;Puente Alto;Centro de Salud Familiar Padre Manuel Villaseca;Pfizer;22/06/2021;5;;
Metropolitana  Santiago;Puente Alto;Centro de Salud Familiar San Alberto Hurtado Red de Salud UC CHRISTUS;Pfizer;22/06/2021;8;;
Metropolitana  Santiago;Puente Alto;Centro de Salud Familiar San Gerónimo;Pfizer;22/06/2021;22;;
Metropolitana  Santiago;Quilicura;Centro de Salud Familiar Irene Frei de Cid;Pfizer;22/06/2021;11;;
Metropolitana  Santiago;Quilicura;Centro de Salud Familiar Manuel Bustos Huerta;Pfizer;22/06/2021;26;;
Metropolitana  Santiago;Quilicura;Centro de Salud Familiar Presidente Salvador Allende Gossens;Pfizer;22/06/2021;34;;
Metropolitana  Santiago;Quinta Normal;Centro de Salud Familiar Andes;Pfizer;22/06/2021;8;;
Metropolitana  Santiago;Quinta Normal;Centro de Salud Familiar Garín;Pfizer;22/06/2021;10;;
Metropolitana  Santiago;Quinta Normal;Centro de Salud Familiar Lo Franco;Pfizer;22/06/2021;9;;
Metropolitana  Santiago;Recoleta;Centro de Salud Familiar Cristo Vive (ONG);Pfizer;22/06/2021;2;;
Metropolitana  Santiago;Recoleta;Centro de Salud Familiar Dr. Juan Petrinovic (Ex Scroggie);Pfizer;22/06/2021;6;;
Metropolitana  Santiago;Recoleta;Centro de Salud Familiar Recoleta;Pfizer;22/06/2021;5;;
Metropolitana  Santiago;Recoleta;Centro de Salud Familiar Valdivieso;Pfizer;22/06/2021;6;;
Metropolitana  Santiago;Renca;Centro de Salud Familiar Bicentenario;Pfizer;22/06/2021;5;;
Metropolitana  Santiago;Renca;Centro de Salud Familiar Dr. Hernán Urzúa Merino;Pfizer;22/06/2021;3;;
Metropolitana  Santiago;Renca;Centro de Salud Familiar Huamachuco;Pfizer;22/06/2021;8;;
Metropolitana  Santiago;Renca;Centro de Salud Familiar Renca;Pfizer;22/06/2021;11;;
Metropolitana  Santiago;San Bernardo;Centro de Salud Familiar Carol Urzúa;Pfizer;22/06/2021;14;;
Metropolitana  Santiago;San Bernardo;Centro de Salud Familiar Confraternidad;Pfizer;22/06/2021;5;;
Metropolitana  Santiago;San Bernardo;Centro de Salud Familiar El Manzano;Pfizer;22/06/2021;5;;
Metropolitana  Santiago;San Bernardo;Centro de Salud Familiar Juan Pablo II;Pfizer;21/06/2021;1;;
Metropolitana  Santiago;San Bernardo;Centro de Salud Familiar Juan Pablo II;Pfizer;22/06/2021;6;;
Metropolitana  Santiago;San Bernardo;Centro de Salud Familiar Padre Joan Alsina;Pfizer;21/06/2021;9;;
Metropolitana  Santiago;San Bernardo;Centro de Salud Familiar Padre Joan Alsina;Pfizer;22/06/2021;21;;
Metropolitana  Santiago;San Bernardo;Centro de Salud Familiar Raúl Brañes F.;Pfizer;21/06/2021;19;;
Metropolitana  Santiago;San Bernardo;Centro de Salud Familiar Raúl Brañes F.;Pfizer;22/06/2021;18;;
Metropolitana  Santiago;San Bernardo;Centro de Salud Familiar Raúl Cuevas (Ex-San Bernardo);Pfizer;22/06/2021;2;;
Metropolitana  Santiago;San Joaquín;Centro de Salud Familiar Arturo Baeza Goñi;Pfizer;22/06/2021;5;;
Metropolitana  Santiago;San Joaquín;Centro de Salud Familiar San Joaquín;Pfizer;22/06/2021;9;;
Metropolitana  Santiago;San Joaquín;Centro de Salud Familiar Santa Teresa de Los Andes;Pfizer;22/06/2021;33;;
Metropolitana  Santiago;San José de Maipo;Hospital San José de Maipo;Pfizer;22/06/2021;2;;
Metropolitana  Santiago;San José de Maipo;Posta de Salud Rural Las Vertientes;Pfizer;22/06/2021;19;;
Metropolitana  Santiago;San Miguel;Centro de Salud Familiar Barros Luco;Pfizer;22/06/2021;81;;
Metropolitana  Santiago;San Miguel;Centro de Salud Familiar Recreo;Pfizer;22/06/2021;1;;
Metropolitana  Santiago;San Ramón;Centro de Salud Familiar Dr. Salvador Allende (Ex Consultorio San Ramón);Pfizer;20/06/2021;1;;
Metropolitana  Santiago;San Ramón;Centro de Salud Familiar Dr. Salvador Allende (Ex Consultorio San Ramón);Pfizer;21/06/2021;2;;
Metropolitana  Santiago;San Ramón;Centro de Salud Familiar Dr. Salvador Allende (Ex Consultorio San Ramón);Pfizer;22/06/2021;10;;
Metropolitana  Santiago;San Ramón;Centro de Salud Familiar La Bandera;Pfizer;22/06/2021;8;;
Metropolitana  Santiago;San Ramón;Centro de Salud Familiar Poetisa Gabriela Mistral;Pfizer;20/06/2021;1;;
Metropolitana  Santiago;San Ramón;Centro de Salud Familiar Poetisa Gabriela Mistral;Pfizer;22/06/2021;21;;
Metropolitana  Santiago;Santiago;Centro de Salud Familiar Arauco;Pfizer;22/06/2021;9;;
Metropolitana  Santiago;Santiago;Centro de Salud Familiar Ignacio Domeyko;Pfizer;22/06/2021;4;;
Metropolitana  Santiago;Santiago;Hospital San Juan de Dios (Santiago, Santiago);Pfizer;22/06/2021;6;;
Metropolitana  Santiago;Talagante;Centro de Salud Familiar Dr. Alberto Allende Jones;Pfizer;22/06/2021;23;;
Metropolitana  Santiago;Tiltil;Centro de Salud Familiar Huertos Familiares;Pfizer;22/06/2021;4;;
Metropolitana  Santiago;Tiltil;Hospital de Til Til;Pfizer;22/06/2021;3;;
Metropolitana  Santiago;Vitacura;Centro de Salud Familiar Vitacura;Pfizer;22/06/2021;77;;
Metropolitana  Santiago;Vitacura;Clínica Alemana;Pfizer;22/06/2021;23;;
Metropolitana  Santiago;Vitacura;Clínica Tabancura;Pfizer;21/06/2021;4;;
Metropolitana  Santiago;Vitacura;Clínica Tabancura;Pfizer;22/06/2021;4;;
Metropolitana  Santiago;Ñuñoa;;Pfizer;21/06/2021;5;;
Metropolitana  Santiago;Ñuñoa;;Pfizer;22/06/2021;35;;
Metropolitana  Santiago;Ñuñoa;Centro de Salud Familiar Rosita Renard;Pfizer;22/06/2021;34;;
Metropolitana  Santiago;Ñuñoa;Centro de Salud Familiar Salvador Bustos;Pfizer;22/06/2021;47;;
Metropolitana  Santiago;Ñuñoa;Hospital Carabineros;Pfizer;22/06/2021;2;;
Metropolitana  Santiago;Ñuñoa;Vacunatorio Varik;Pfizer;11/06/2021;32;;
