ID,Nombre,Estado,Alcance,Fecha de Inicio,Fecha de Término,Código CUT Comuna,Detalle,Superficie en m2,Perímetro en m,Region,n_REGION
1,Arica,Histórica,Área Urbana Completa,2020-04-16 22:00:00,2020-05-15 22:00:00,15101,Corresponde al Radio Urbano de la Ciudad de Arica incluyendo la población San Miguel de Azapa,28050418.8,48722.30001,15,R15
2,Santiago Norte,Histórica,Sector Específico,2020-04-13 05:00:00,2020-05-05 22:00:00,13101,Corresponde a la extensión de la cuarentena en la comuna de Santiago con límite en la línea contínua de las calles Av.Matta y Blanco Encalada,19939218.57,21599.35134,13,R13
3,Puente Alto Poniente,Histórica,Sector Específico,2020-04-09 22:00:00,2020-05-08 22:00:00,13201,Corresponde al sector delimitado por la Av. Concha y Toro hacia el poniente. Se extiende posterior al término hacia el oriente hasta el Canal San Carlos,42364268.21,30428.051519999997,13,R13
4,El Bosque,Histórica,Comuna completa,2020-04-16 22:00:00,2020-09-21 05:00:00,13105,Aplicada a la totalidad de la comuna. Se incorpora a cuarentena del Gran Santiago,20622713.23,18788.87075,13,R13
5,San Bernardo Nororiente,Histórica,Sector Específico,2020-04-16 22:00:00,2020-05-08 22:00:00,13401,"Corresponde al sector delimitado por los limites comunales y al interior en Av. Colon, Av. Balmaceda y Autopista Central. Se extiende alcance de cuarentena a la linea comprendida entre Camino el Mariscal y Avenida San Jose",16326216.83,24929.14572,13,R13
6,Chillán,Histórica,Área Urbana Completa,2020-03-30 21:00:00,2020-04-23 22:00:00,16101,Aplica solo hasta el límite urbano de la ciudad,37835429.37,49337.02457,16,R16
7,Osorno,Histórica,Área Urbana Completa,2020-03-30 21:00:00,2020-04-30 22:00:00,10301,Aplica solo hasta el límite urbano de la ciudad,42268789.14,59804.16284,10,R10
8,Punta Arenas,Histórica,Área Urbana Completa,2020-04-01 21:00:00,2020-05-07 22:00:00,12101,Aplica a la zona urbana de la ciudad de Punta Arenas,112704517.1,77228.2049,12,R12
9,Nueva Imperial,Histórica,Área Urbana Completa,2020-04-09 22:00:00,2020-04-16 00:00:00,9111,Aplica solo hasta el límite urbano de la ciudad,5981050.972999999,16614.82238,9,R09
10,Lo Barnechea,Histórica,Área Urbana Completa,2020-03-26 21:00:00,2020-04-13 05:00:00,13115,Aplica solo hasta el límite urbano de la ciudad,94313826.98,56084.00806,13,R13
11,Vitacura,Histórica,Comuna completa,2020-03-26 21:00:00,2020-04-13 05:00:00,13132,Aplicada a la totalidad de la comuna,40092348.38,30500.05847,13,R13
12,Las Condes,Histórica,Comuna completa,2020-03-26 21:00:00,2020-04-16 22:00:00,13114,Aplicada a la totalidad de la comuna,144758813.0,60443.76785,13,R13
13,Providencia,Histórica,Comuna completa,2020-03-26 21:00:00,2020-04-13 05:00:00,13123,Aplicada a la totalidad de la comuna,20592014.89,19208.88496,13,R13
14,Ñuñoa Norte,Histórica,Sector Específico,2020-04-13 05:00:00,2020-05-07 22:00:00,13120,Corresponde a la extensión de la cuarentena en la comuna de Ñuñoa con límite en Av. Grecia,16724738.76,19686.67452,13,R13
15,Hualpén,Histórica,Área Urbana Completa,2020-03-30 21:00:00,2020-04-16 22:00:00,8112,Aplica solo hasta el límite urbano de la ciudad,18355421.28,29232.353919999998,8,R08
16,San Pedro de la Paz,Histórica,Área Urbana Completa,2020-03-30 21:00:00,2020-04-16 22:00:00,8108,Aplica solo hasta el límite urbano de la ciudad,44074427.26,57975.68294,8,R08
17,Temuco,Histórica,Área Urbana Completa,2020-03-28 21:00:00,2020-04-30 22:00:00,9101,Aplica solo hasta el límite urbano de la ciudad,101423669.5,129552.6262,9,R09
18,Santiago,Histórica,Comuna completa,2020-03-26 21:00:00,2020-04-13 05:00:00,13101,Aplicada a la totalidad de la comuna,33432633.32,28873.196560000004,13,R13
19,Ñuñoa,Histórica,Comuna completa,2020-03-26 21:00:00,2020-04-13 05:00:00,13120,Aplicada a la totalidad de la comuna,24305861.12,21540.588209999998,13,R13
20,Chillán viejo,Histórica,Área Urbana Completa,2020-03-30 21:00:00,2020-04-23 22:00:00,16103,Aplica solo hasta el límite urbano de la ciudad,10541904.53,16827.67264,16,R16
21,Padre Las Casas,Histórica,Área Urbana Completa,2020-03-27 23:00:00,2020-04-16 00:00:00,9112,Aplica solo hasta el límite urbano de la ciudad,11026951.79,16203.40655,9,R09
22,Rapa Nui,Histórica,Comuna completa,2020-03-19 23:00:00,2020-04-06 05:00:00,5201,Aplicada a la totalidad de la comuna,205901011.1,79899.08232,5,R05
23,Independencia,Histórica,Comuna completa,2020-03-26 21:00:00,2020-04-02 21:00:00,13108,Aplicada a la totalidad de la comuna,10582914.04,13699.91284,13,R13
24,Puerto Williams,Histórica,Área Urbana Completa,2020-03-22 23:00:00,2020-04-06 05:00:00,12201,Aplica solo hasta el límite urbano de la ciudad,2973458.348,9302.184401999999,12,R12
25,Caleta Tortel,Histórica,Sector Específico,2020-03-12 21:00:00,2020-03-27 21:00:00,11303,Aplicada a la localidad de Caleta Tortel de forma preventiva por brotes de COVID-19 en Aysén,15336560.52,25455.56536,11,R11
26,Quinta Normal,Histórica,Comuna completa,2020-04-23 22:00:00,2020-09-28 05:00:00,13126,Aplicada a la totalidad de la comuna. Se incorpora a cuarentena del Gran Santiago,17014139.15,21243.797019999998,13,R13
27,Pedro Aguirre Cerda,Histórica,Comuna completa,2020-04-23 22:00:00,2020-08-31 05:00:00,13121,Aplicada a la totalidad de la comuna. Se incorpora a cuarentena del Gran Santiago,12625146.27,15651.71896,13,R13
28,Independencia Sur (Re-ingreso),Histórica,Sector Específico,2020-04-23 22:00:00,2020-04-30 22:00:00,13108,"Corresponde al sector delimitado por la linea comprendida de las calles Gamero y Santos Dumont hacia el sur, se extiende a cuarentena total el 30 de abril",2460063.441,8284.041136,13,R13
29,Victoria,Histórica,Área Urbana Completa,2020-04-30 22:00:00,2020-05-15 22:00:00,9211,Aplica solo hasta el límite urbano de la ciudad,9256998.913999999,36013.0185,9,R09
30,Angol,Histórica,Área Urbana Completa,2020-04-30 22:00:00,2020-05-15 22:00:00,9201,Aplica solo hasta el límite urbano de la ciudad,16903887.63,56627.20461,9,R09
31,San Ramon Sur,Histórica,Sector Específico,2020-04-30 22:00:00,2020-05-08 22:00:00,13131,Se aplica cuarentena en sector sur de la comuna delimitado por la Avenida Américo Vespucio. Se extiende posterior al término a una cuarentena de territorio completo,4606059.174,8714.799869,13,R13
32,Estación Central,Histórica,Comuna completa,2020-04-30 22:00:00,2020-08-17 05:00:00,13106,Aplicada a la totalidad de la comuna. Se incorpora a cuarentena del Gran Santiago,20682566.49,22689.227469999998,13,R13
33,Independencia Extensión a Total,Histórica,Comuna completa,2020-04-30 22:00:00,2020-09-21 05:00:00,13108,Aplicada a la totalidad de la comuna. Extendida desde el sector sur a la comuna completa. Se incorpora a cuarentena del Gran Santiago,10582914.04,13699.91284,13,R13
34,La Pintana Norte,Histórica,Sector Específico,2020-04-30 22:00:00,2020-05-08 22:00:00,13112,Se aplica cuarentena en el sector norte de la comuna delimitado por la Avenida el Observatorio hacia el norte. . Se extiende posterior al término a una cuarentena de territorio completo,4883155.135,12416.977840000001,13,R13
35,Antofagasta,Histórica,Área Urbana Completa,2020-05-05 22:00:00,2020-05-29 22:00:00,2101,Aplica solo hasta el límite urbano de la ciudad,43532156.43,134484.1679,2,R02
36,Mejillones,Histórica,Comuna completa,2020-05-05 22:00:00,2020-05-29 22:00:00,2102,Aplicada a la totalidad de la comuna,4230181343.0,395409.359,2,R02
37,Recoleta,Histórica,Comuna completa,2020-05-05 22:00:00,2020-09-07 05:00:00,13127,Aplicada a la totalidad de la comuna. Se incorpora a cuarentena del Gran Santiago,22715640.52,22324.074780000003,13,R13
38,Cerrillos,Histórica,Comuna completa,2020-05-05 22:00:00,2020-08-31 05:00:00,13102,Aplicada a la totalidad de la comuna. Se incorpora a cuarentena del Gran Santiago,24198337.66,25227.769480000003,13,R13
39,Quilicura,Histórica,Sector Específico,2020-05-05 22:00:00,2020-05-15 22:00:00,13125,Delimitada por la linea ferroviaria que cruza la comuna hacia el poniente. Se incorpora y amplia a extensión total a cuarentena del Gran Santiago,60071059.16,32915.98951,13,R13
40,Santiago Extensión a Total,Histórica,Comuna completa,2020-05-05 22:00:00,2020-08-17 05:00:00,13101,Aplicada a la totalidad de la comuna. Se incorpora a cuarentena del Gran Santiago,33329909.5,29265.433689999998,13,R13
41,Cerro Navia,Histórica,Comuna completa,2020-05-08 22:00:00,2020-09-28 05:00:00,13103,Aplicada a la totalidad de la comuna. Se incorpora a cuarentena del Gran Santiago,15975127.99,19974.24854,13,R13
42,Conchalí,Histórica,Comuna completa,2020-05-08 22:00:00,2020-09-28 05:00:00,13104,Aplicada a la totalidad de la comuna. Se incorpora a cuarentena del Gran Santiago,15979605.81,16815.79341,13,R13
43,Lo Espejo,Histórica,Comuna completa,2020-05-08 22:00:00,2020-09-28 05:00:00,13116,Aplicada a la totalidad de la comuna. Se incorpora a cuarentena del Gran Santiago,11886614.09,13762.073669999998,13,R13
44,La Cisterna,Histórica,Comuna completa,2020-05-08 22:00:00,2020-09-07 05:00:00,13109,Aplicada a la totalidad de la comuna. Se incorpora a cuarentena del Gran Santiago,14401733.59,15356.421890000001,13,R13
45,La Florida,Histórica,Comuna completa,2020-05-08 22:00:00,2020-08-31 05:00:00,13110,Aplicada a la totalidad de la comuna. Se incorpora a cuarentena del Gran Santiago,102214162.8,59430.2695,13,R13
46,Peñalolen,Histórica,Comuna completa,2020-05-08 22:00:00,2020-08-24 05:00:00,13122,Aplicada a la totalidad de la comuna. Se incorpora a cuarentena del Gran Santiago,77293355.85,43926.36596,13,R13
47,Lo Prado,Histórica,Comuna completa,2020-05-08 22:00:00,2020-09-28 05:00:00,13117,Aplicada a la totalidad de la comuna. Se incorpora a cuarentena del Gran Santiago,9448923.365,12856.50229,13,R13
48,Macul,Histórica,Comuna completa,2020-05-08 22:00:00,2020-08-31 05:00:00,13118,Aplicada a la totalidad de la comuna. Se incorpora a cuarentena del Gran Santiago,18517268.58,18417.81156,13,R13
49,Renca,Histórica,Comuna completa,2020-05-08 22:00:00,2020-10-03 05:00:00,13128,Aplicada a la totalidad de la comuna. Se incorpora a cuarentena del Gran Santiago,34181427.81,34681.93943,13,R13
50,San Joaquín,Histórica,Comuna completa,2020-05-08 22:00:00,2020-09-07 05:00:00,13129,Aplicada a la totalidad de la comuna. Se incorpora a cuarentena del Gran Santiago,14337674.61,16946.38265,13,R13
51,San Miguel,Histórica,Comuna completa,2020-05-08 22:00:00,2020-09-07 05:00:00,13130,Aplicada a la totalidad de la comuna. Se incorpora a cuarentena del Gran Santiago,13863805.71,16029.803999999998,13,R13
52,La Granja,Histórica,Comuna completa,2020-05-08 22:00:00,2020-09-07 05:00:00,13111,Aplicada a la totalidad de la comuna. Se incorpora y amplia a extensión total a cuarentena del Gran Santiago,14562829.46,16986.355630000002,13,R13
53,La Pintana Extensión a Total,Histórica,Comuna completa,2020-05-08 22:00:00,2020-09-28 05:00:00,13112,Se amplía a toda la comuna desde su extensión original. Se incorpora y amplia a extensión total a cuarentena del Gran Santiago,44005772.31,31961.027860000002,13,R13
54,San Ramón Extensión a Total,Histórica,Comuna completa,2020-05-08 22:00:00,2020-09-07 05:00:00,13131,Se amplía a toda la comuna desde su extensión original. Se incorpora y amplia a extensión total a cuarentena del Gran Santiago,9061336.23,14097.96056,13,R13
55,Puente Alto Poniente Extendido,Histórica,Sector Específico,2020-05-08 22:00:00,2020-05-15 22:00:00,13201,Se amplia desde el límite actual (Av. Concha y Toro) hacia el oriente con límite en el Canal San Carlos. Se incorpora y amplia a extensión total a cuarentena del Gran Santiago,89693170.63,58094.382379999995,13,R13
56,San Bernardo Nororiente Extendido,Histórica,Sector Específico,2020-05-08 22:00:00,2020-05-15 22:00:00,13401,"Corresponde al sector delimitado por los limites comunales y al interior a la linea comprendida entre Camino el Mariscal y Avenida San Jose, Av. Balmaceda y Autopista Central. Se incorpora y amplia a extensión total a cuarentena del Gran Santiago",22289080.88,27208.672280000003,13,R13
57,Alto Hospicio,Histórica,Comuna completa,2020-05-15 22:00:00,2020-10-03 05:00:00,1107,Aplicada a la totalidad de la comuna,655133931.2,109806.645,1,R01
58,Iquique,Histórica,Comuna completa,2020-05-15 22:00:00,2020-10-03 05:00:00,1101,Aplicada a la totalidad de la comuna,2636677588.0,473982.6968,1,R01
59,Buin,Histórica,Comuna completa,2020-05-15 22:00:00,2020-09-28 05:00:00,13402,Incorporada como parte de la Cuarentena del Gran Santiago y Alrededores a todo el territorio,315447694.4,106661.4539,13,R13
60,Pudahuel,Histórica,Comuna completa,2020-05-15 22:00:00,2020-09-21 05:00:00,13124,Incorporada como parte de la Cuarentena del Gran Santiago y Alrededores a todo el territorio,283948656.4,86170.57957,13,R13
61,Colina,Histórica,Comuna completa,2020-05-15 22:00:00,2020-07-28 05:00:00,13301,Incorporada como parte de la Cuarentena del Gran Santiago y Alrededores a todo el territorio,1388393076.0,206066.8384,13,R13
62,Lampa,Histórica,Comuna completa,2020-05-15 22:00:00,2020-08-10 05:00:00,13302,Incorporada como parte de la Cuarentena del Gran Santiago y Alrededores a todo el territorio,645813313.2,127669.5728,13,R13
63,Huechuraba,Histórica,Comuna completa,2020-05-15 22:00:00,2020-08-31 05:00:00,13107,Incorporada como parte de la Cuarentena del Gran Santiago y Alrededores a todo el territorio,64546615.35,39133.121210000005,13,R13
64,Las Condes Re-ingreso Total,Histórica,Comuna completa,2020-05-15 22:00:00,2020-07-28 05:00:00,13114,Incorporada como parte de la Cuarentena del Gran Santiago y Alrededores a todo el territorio,142593822.2,62012.73806,13,R13
65,La Reina,Histórica,Comuna completa,2020-05-15 22:00:00,2020-07-28 05:00:00,13113,Incorporada como parte de la Cuarentena del Gran Santiago y Alrededores a todo el territorio,33764086.18,28525.527089999996,13,R13
66,Lo Barnechea Re-ingreso total,Histórica,Comuna completa,2020-05-15 22:00:00,2020-07-28 05:00:00,13115,Incorporada como parte de la Cuarentena del Gran Santiago y Alrededores a todo el territorio,1469176024.0,179591.2064,13,R13
67,Vitacura Re-ingreso Total,Histórica,Comuna completa,2020-05-15 22:00:00,2020-07-28 05:00:00,13132,Incorporada como parte de la Cuarentena del Gran Santiago y Alrededores a todo el territorio,40872314.09,31136.24808,13,R13
68,Maipú,Histórica,Comuna completa,2020-05-15 22:00:00,2020-08-31 05:00:00,13119,Incorporada como parte de la Cuarentena del Gran Santiago y Alrededores a todo el territorio,198564410.6,73872.62586,13,R13
69,Ñuñoa Re-ingreso Total,Histórica,Comuna completa,2020-05-15 22:00:00,2020-07-28 05:00:00,13120,Incorporada como parte de la Cuarentena del Gran Santiago y Alrededores a todo el territorio,24288323.77,21382.63827,13,R13
70,Padre Hurtado,Histórica,Comuna completa,2020-05-15 22:00:00,2020-08-24 05:00:00,13604,Incorporada como parte de la Cuarentena del Gran Santiago y Alrededores a todo el territorio,117050935.0,61176.67148,13,R13
71,Puente Alto Extensión a Total,Histórica,Comuna completa,2020-05-15 22:00:00,2020-09-28 05:00:00,13201,Incorporada como parte de la Cuarentena del Gran Santiago y Alrededores a todo el territorio,127531919.0,59827.71196,13,R13
72,Quilicura Extensión a Total,Histórica,Comuna completa,2020-05-15 22:00:00,2020-09-14 05:00:00,13125,Incorporada como parte de la Cuarentena del Gran Santiago y Alrededores a todo el territorio,82391551.05,41916.25605,13,R13
73,San Bernardo Extensión a Total,Histórica,Comuna completa,2020-05-15 22:00:00,2020-09-14 05:00:00,13401,Incorporada como parte de la Cuarentena del Gran Santiago y Alrededores a todo el territorio,221119742.1,103398.3901,13,R13
74,Providencia Re-ingreso total,Histórica,Comuna completa,2020-05-15 22:00:00,2020-08-10 05:00:00,13123,Incorporada como parte de la Cuarentena del Gran Santiago y Alrededores a todo el territorio,20727385.16,19429.19934,13,R13
75,Lonquimay,Histórica,Comuna completa,2020-05-22 22:00:00,2020-06-05 22:00:00,9205,Aplicada a la totalidad por criterios de capacidad sanitaria y aumento sustantivo de casos,6426178804.0,454701.6799,9,R09
76,San Antonio,Histórica,Comuna completa,2020-06-09 22:00:00,2020-07-28 05:00:00,5601,Aplicada a la totalidad de la comuna,576482915.4,154571.5061,5,R05
77,Calama,Histórica,Comuna completa,2020-06-12 22:00:00,2020-09-21 05:00:00,2201,Aplicada a la totalidad de la comuna,18278946181.0,705723.8382,2,R02
78,Viña del Mar,Histórica,Comuna completa,2020-06-12 22:00:00,2020-10-13 05:00:00,5109,Aplicada a la totalidad de la comuna,171902397.7,77155.89755,5,R05
79,Valparaíso,Histórica,Comuna completa,2020-06-12 22:00:00,2020-10-13 05:00:00,5101,Aplicada a la totalidad de la comuna,451856991.1,181454.8091,5,R05
80,Pozo Almonte (Radio Urbano),Histórica,Área Urbana Completa,2020-06-12 22:00:00,2020-09-28 05:00:00,1401,Aplicable solo a la zona urbana,2353288.24,15497.7726,1,R01
81,San José de Maipo (Área Urbana),Histórica,Área Urbana Completa,2020-06-12 22:00:00,2020-08-24 05:00:00,13203,Aplicado solo al sector urbano entre el Estero El Almendro y el Estero San José,6372625.93,11333.78348,13,R13
82,Melipilla (Área Urbana),Histórica,Área Urbana Completa,2020-06-12 22:00:00,2020-08-10 05:00:00,13501,Aplicable solo al centro urbano,14510740.23,62602.70481,13,R13
83,Curacaví (Área Urbana),Histórica,Área Urbana Completa,2020-06-12 22:00:00,2020-08-10 05:00:00,13503,Aplicable solo al Centro Urbano,5514002.385,32755.134789999996,13,R13
84,TilTil (Área Urbana),Histórica,Área Urbana Completa,2020-06-12 22:00:00,2020-07-28 05:00:00,13303,"Aplicable solo a la zona urbana de Til-Til, excluyendo el sector de Huertos Familiares",1906761.8930000002,18048.120580000003,13,R13
85,Peñaflor,Histórica,Comuna completa,2020-06-12 22:00:00,2020-08-24 05:00:00,13605,Aplicada a la totalidad de la comuna,100223974.6,46938.49717,13,R13
86,Los Andes,Histórica,Comuna completa,2020-06-19 22:00:00,2020-08-24 05:00:00,5301,Aplicada a la totalidad de la comuna,1757629850.0,274656.69399999996,5,R05
87,San Felipe,Histórica,Comuna completa,2020-06-19 22:00:00,2020-07-28 05:00:00,5701,Aplicada a la totalidad de la comuna,264868542.7,115232.8493,5,R05
88,Rancagua,Histórica,Comuna completa,2020-06-19 22:00:00,2020-08-10 05:00:00,6101,Aplicada a la totalidad de la comuna,382965176.2,98686.23157,6,R06
89,Machalí,Histórica,Comuna completa,2020-06-19 22:00:00,2020-08-10 05:00:00,6108,Aplicada a la totalidad de la comuna,3813690684.0,346676.4677,6,R06
90,Curicó (Área Urbana),Histórica,Área Urbana Completa,2020-06-19 22:00:00,2020-08-24 05:00:00,7301,Aplicado solamente a la zona urbana,32069120.29,29295.209960000004,7,R07
91,Antofagasta Re-ingreso Ciudad,Histórica,Área Urbana Completa,2020-06-23 22:00:00,2020-09-28 05:00:00,2101,Re-ingreso total por incremento de casos activos. Alcance urbano acorde a Res.Ex. MINSAL 479/2020,43532156.43,134484.1679,2,R02
92,Mejillones Re-ingreso urbano,Histórica,Área Urbana Completa,2020-06-23 22:00:00,2020-09-28 05:00:00,2102,Re-ingreso total por incremento de casos activos. Alcance solo a área urbana acorde a Res.Ex. MINSAL 479/2020,7391563.771000001,35405.5397,2,R02
93,Tocopilla,Histórica,Área Urbana Completa,2020-06-23 22:00:00,2020-08-10 05:00:00,2301,Aplicada solo a la extensión urbana de la comuna conforme a Res.Ex. MINSAL 479/2020,5375471.312999999,31002.884169999998,2,R02
94,Quillota,Histórica,Comuna completa,2020-06-26 22:00:00,2020-09-21 05:00:00,5501,Aplicada a la totalidad de la comuna,428867542.9,107405.4383,5,R05
95,Graneros,Histórica,Comuna completa,2020-06-26 22:00:00,2020-08-10 05:00:00,6106,Aplicada a la totalidad de la comuna,164012497.7,67214.97939,6,R06
96,Calera de Tango,Histórica,Comuna completa,2020-06-26 22:00:00,2020-08-31 05:00:00,13403,Aplicada a la totalidad de la comuna,105783369.8,54220.99288,13,R13
97,El Monte,Histórica,Comuna completa,2020-06-26 22:00:00,2020-08-31 05:00:00,13602,Aplicada a la totalidad de la comuna,166257629.5,59682.034770000006,13,R13
98,Talagante,Histórica,Comuna completa,2020-06-26 22:00:00,2020-08-31 05:00:00,13601,Aplicada a la totalidad de la comuna,183307247.0,81310.10226,13,R13
99,Arica Re-Ingreso urbano,Histórica,Área Urbana Completa,2020-07-14 22:00:00,2020-11-09 05:00:00,15101,Corresponde al Re-ingreso del Radio Urbano de la Ciudad de Arica,28050418.8,48722.30001,15,R15
100,Rengo,Histórica,,2020-07-14 22:00:00,2020-09-02 05:00:00,6115,,,,6,R06
101,Copiapó,Histórica,,2020-07-27 22:00:00,2020-10-03 05:00:00,3101,,,,3,R03
102,La Calera,Histórica,,2020-07-27 22:00:00,2020-10-03 05:00:00,5502,,,,5,R05
103,La Cruz,Histórica,,2020-07-27 22:00:00,2020-09-28 05:00:00,5504,,,,5,R05
104,Isla de Maipo,Histórica,,2020-07-27 22:00:00,2020-09-14 05:00:00,13603,,,,13,R13
105,Puerto Montt,Histórica,,2020-07-29 22:00:00,2020-12-07 05:00:00,10101,,,,10,R10
106,La Serena,Histórica,,2020-07-29 22:00:00,2020-09-28 05:00:00,4101,,,,4,R04
107,Coquimbo,Histórica,,2020-07-29 22:00:00,2020-09-28 05:00:00,4102,,,,4,R04
108,Tierra Amarilla,Histórica,,2020-08-10 05:00:00,2020-10-03 05:00:00,3103,,,,3,R03
109,San Vicente de Tagua Tagua,Histórica,,2020-08-14 22:00:00,2020-10-08 05:00:00,6117,,,,6,R06
110,Punta Arenas Re-ingreso,Histórica,,2020-08-21 23:00:00,2020-12-17 05:00:00,12101,,,,12,R12
111,Ovalle,Histórica,,2020-08-21 23:00:00,2020-10-03 05:00:00,4301,,,,4,R04
112,Penco,Histórica,,2020-08-21 23:00:00,2020-10-19 05:00:00,8107,,,,8,R08
113,Tomé,Histórica,,2020-08-21 23:00:00,2020-11-09 05:00:00,8111,,,,8,R08
114,Concepción,Histórica,,2020-08-28 23:00:00,2020-10-19 05:00:00,8101,,,,8,R08
115,Talcahuano,Histórica,,2020-08-28 23:00:00,2020-10-19 05:00:00,8110,,,,8,R08
116,Chiguayante,Histórica,,2020-08-28 23:00:00,2020-10-19 05:00:00,8103,,,,8,R08
117,Hualpén,Histórica,,2020-08-28 23:00:00,2020-10-19 05:00:00,8112,,,,8,R08
118,Linares,Histórica,,2020-08-28 23:00:00,2020-09-28 05:00:00,7401,,,,7,R07
119,Santa Cruz,Histórica,,2020-09-02 05:00:00,2020-10-03 05:00:00,6310,,,,6,R06
120,Chillán,Histórica,,2020-09-02 05:00:00,2020-10-03 05:00:00,16101,,,,16,R16
121,Chillán viejo,Histórica,,2020-09-02 05:00:00,2020-10-03 05:00:00,16103,,,,16,R16
122,Hualquí,Histórica,,2020-09-02 05:00:00,2020-10-13 05:00:00,8105,,,,8,R08
123,Paine,Histórica,,2020-09-11 23:00:00,2020-10-03 05:00:00,13404,,,,13,R13
124,Vallenar,Histórica,,2020-09-11 23:00:00,2020-10-26 05:00:00,3301,,,,3,R03
125,Molina,Histórica,,2020-09-11 23:00:00,2020-10-19 05:00:00,7304,,,,7,R07
126,San Clemente,Histórica,,2020-09-11 23:00:00,2020-10-13 05:00:00,7109,,,,7,R07
127,Longaví,Histórica,,2020-09-11 23:00:00,2020-10-19 05:00:00,7403,,,,7,R07
128,Coronel,Histórica,,2020-09-11 23:00:00,2020-11-30 05:00:00,8102,,,,8,R08
129,San Pedro de la Paz,Histórica,,2020-09-11 23:00:00,2020-10-19 05:00:00,8108,,,,8,R08
130,Lota,Histórica,,2020-09-11 23:00:00,2020-11-30 05:00:00,8106,,,,8,R08
131,Porvenir,Histórica,,2020-09-11 23:00:00,2020-11-19 05:00:00,12301,,,,12,R12
132,Puerto Natales,Activa,,2020-09-11 23:00:00,2020-12-25 22:00:00,12401,,,,12,R12
133,Curanilahue,Histórica,,2020-09-18 05:00:00,2020-11-05 05:00:00,8205,,,,8,R08
134,Los Álamos,Histórica,,2020-09-18 05:00:00,2020-11-05 05:00:00,8206,,,,8,R08
135,Lebu,Histórica,,2020-09-18 05:00:00,2020-11-12 05:00:00,8201,,,,8,R08
136,Licantén,Histórica,,2020-09-18 05:00:00,2020-10-13 05:00:00,7303,,,,7,R07
137,Maullín,Histórica,,2020-09-18 05:00:00,2020-10-13 05:00:00,10108,,,,10,R10
138,Pichidegua,Histórica,,2020-09-18 05:00:00,2020-11-05 05:00:00,6113,,,,6,R06
139,Ercilla,Histórica,,2020-09-25 23:00:00,2020-10-26 05:00:00,9204,,,,9,R09
140,Lonquimay,Histórica,,2020-09-25 23:00:00,2020-10-13 05:00:00,9205,,,,9,R09
141,Teodoro Schmidt,Histórica,,2020-09-25 23:00:00,2020-10-26 05:00:00,9117,,,,9,R09
142,Coyhaique,Histórica,,2020-09-25 23:00:00,2020-11-12 05:00:00,11101,,,,11,R11
143,Coihueco,Histórica,,2020-10-03 05:00:00,2020-10-26 05:00:00,16302,,,,16,R16
144,Osorno,Histórica,,2020-10-03 05:00:00,2020-11-30 05:00:00,10301,,,,10,R10
145,Frutillar,Histórica,,2020-10-03 05:00:00,2020-11-05 05:00:00,10105,,,,10,R10
146,San Juan de la Costa,Histórica,,2020-10-03 05:00:00,2020-11-16 05:00:00,10306,,,,10,R10
147,Río Negro,Histórica,,2020-10-03 05:00:00,2020-11-16 05:00:00,10305,,,,10,R10
148,Loncoche,Histórica,,2020-10-03 05:00:00,2020-10-26 05:00:00,9109,,,,9,R09
149,Carahue,Histórica,,2020-10-03 05:00:00,2020-11-16 05:00:00,9102,,,,9,R09
150,Puerto Saavedra,Histórica,,2020-10-03 05:00:00,2020-11-09 05:00:00,9116,,,,9,R09
151,Villarrica,Histórica,,2020-10-08 05:00:00,2020-11-16 05:00:00,9120,,,,9,R09
152,Fresia,Histórica,,2020-10-10 05:00:00,2020-11-05 05:00:00,10104,,,,10,R10
153,Los Muermos,Histórica,,2020-10-10 05:00:00,2020-12-07 05:00:00,10106,,,,10,R10
154,Cañete,Activa,,2020-10-17 05:00:00,2020-12-25 22:00:00,8203,,,,8,R08
155,Galvarino,Histórica,,2020-10-17 05:00:00,2020-11-16 05:00:00,9106,,,,9,R09
156,Reinaco,Histórica,,2020-10-17 05:00:00,2020-11-02 05:00:00,9209,,,,9,R09
157,Chonchi,Histórica,,2020-10-17 05:00:00,2020-12-21 05:00:00,10203,,,,10,R10
158,Purranque,Histórica,,2020-10-17 05:00:00,2020-11-16 05:00:00,10303,,,,10,R10
159,Isla de Maipo,Histórica,,2020-10-31 05:00:00,2020-11-16 05:00:00,13603,,,,13,R13
160,La Unión,Histórica,,2020-10-31 05:00:00,2020-12-03 05:00:00,14201,,,,14,R14
161,Lago Ranco,Histórica,,2020-10-31 05:00:00,2020-11-30 05:00:00,14203,,,,14,R14
162,Temuco,Histórica,,2020-10-31 05:00:00,2020-12-21 05:00:00,9101,,,,9,R09
163,Vilcún,Histórica,,2020-10-31 05:00:00,2020-11-23 05:00:00,9119,,,,9,R09
164,Freire,Histórica,,2020-10-31 05:00:00,2020-12-21 05:00:00,9105,,,,9,R09
165,Padre Las Casas,Histórica,,2020-10-31 05:00:00,2020-12-21 05:00:00,9112,,,,9,R09
166,Calbuco,Histórica,,2020-10-31 05:00:00,2020-12-23 05:00:00,10102,,,,10,R10
167,Hualaihué,Histórica,,2020-10-31 05:00:00,2020-11-30 05:00:00,10403,,,,10,R10
168,Lautaro,Activa,,2020-11-07 05:00:00,2020-12-25 22:00:00,9108,,,,9,R09
169,Valdivia,Histórica,,2020-11-07 05:00:00,2020-12-23 05:00:00,14101,,,,14,R14
170,Futrono,Histórica,,2020-11-07 05:00:00,2020-12-14 05:00:00,14202,,,,14,R14
171,Chol Chol,Histórica,,2020-11-14 05:00:00,2020-12-23 05:00:00,9121,,,,9,R09
172,Traiguén,Histórica,,2020-11-14 05:00:00,2020-11-30 05:00:00,9210,,,,9,R09
173,Los Lagos,Histórica,,2020-11-14 05:00:00,2020-12-14 05:00:00,14104,,,,14,R14
174,Puqueldón,Histórica,,2020-11-21 05:00:00,2020-12-14 05:00:00,10206,,,,10,R10
175,Queilen,Histórica,,2020-11-21 05:00:00,2020-12-21 05:00:00,10207,,,,10,R10
176,Ancud,Histórica,,2020-11-21 05:00:00,2020-12-21 05:00:00,10202,,,,10,R10
177,Quemchi,Histórica,,2020-11-21 05:00:00,2020-12-21 05:00:00,10209,,,,10,R10
178,Maullín,Histórica,,2020-11-28 05:00:00,2020-12-23 05:00:00,10108,,,,10,R10
179,Curanilahue,Activa,,2020-12-03 05:00:00,2020-12-25 22:00:00,8205,,,,8,R08
180,Curarrehue,Histórica,,2020-12-03 05:00:00,2020-12-23 05:00:00,9104,,,,9,R09
181,Arauco,Activa,,2020-12-10 05:00:00,2020-12-25 22:00:00,8202,,,,8,R08
182,Los Sauces,Histórica,,2020-12-10 05:00:00,2020-12-23 05:00:00,9206,,,,9,R09
183,Angol,Activa,,2020-12-10 05:00:00,2020-12-25 22:00:00,9201,,,,9,R09
184,Cabo de Hornos,Activa,,2020-12-10 05:00:00,2020-12-25 22:00:00,12201,,,,12,R12
185,Los Ángeles,Activa,,2020-12-12 05:00:00,2020-12-25 22:00:00,8301,,,,8,R08
186,Paillaco,Histórica,,2020-12-12 05:00:00,2020-12-23 05:00:00,14107,,,,14,R14
187,Río Bueno,Histórica,,2020-12-12 05:00:00,2020-12-23 05:00:00,14204,,,,14,R14
